basket,ticker,1w,1m,3m,6m
Aging Population & Longevity,LLY,0.19,3.31,-1.89,23.35
Aging Population & Longevity,JNJ,-3.53,-6.06,-0.84,6.8
Aging Population & Longevity,MRK,-4.13,-5.33,13.8,16.13
Aging Population & Longevity,ABT,-1.83,-8.67,4.18,-3.87
Aging Population & Longevity,PFE,-2.74,-2.03,16.16,2.49
Aging Population & Longevity,WELL,-5.18,-7.61,-5.37,7.27
Aging Population & Longevity,BMY,-5.65,-11.21,3.93,-0.15
Aging Population & Longevity,MDT,-1.22,-7.82,4.68,-3.21
Aging Population & Longevity,SYK,-0.31,-9.55,-15.43,-19.68
Aging Population & Longevity,BSX,-4.94,-11.38,-6.62,-32.41
Aging Population & Longevity,VTR,-7.85,-12.35,-12.92,-5.79
Aging Population & Longevity,BIIB,-2.24,0.45,11.68,24.82
Aging Population & Longevity,DXCM,-2.22,-5.05,14.32,27.92
Aging Population & Longevity,GEHC,-2.52,-6.26,-0.21,-11.92
Aging Population & Longevity,CHD,1.37,-1.22,1.19,0.53
Aging Population & Longevity,ZBH,-2.57,-9.49,1.56,-5.63
Aging Population & Longevity,OHI,-6.16,-6.6,-11.54,-4.2
Aging Population & Longevity,BAX,2.0,-5.37,7.73,37.6
Aging Population & Longevity,EHC,-0.8,0.78,12.22,13.28
Aging Population & Longevity,ENSG,-3.66,-1.27,0.49,-16.01
Aging Population & Longevity,HIMS,1.3,6.53,-18.4,48.07
Aging Population & Longevity,CELH,-3.86,-13.72,-10.72,-25.55
Aging Population & Longevity,SFM,-0.47,-17.16,-17.81,-13.64
Aging Population & Longevity,CRSP,-7.43,-6.62,-11.63,1.16
Aging Population & Longevity,SBRA,-5.64,-9.82,-6.44,-7.91
Aging Population & Longevity,NHI,-3.35,-10.99,-16.72,-25.37
Aging Population & Longevity,BKD,-2.97,-9.11,-28.34,-21.56
Aging Population & Longevity,GERN,-4.76,-19.46,-23.08,-32.58
Aging Population & Longevity,NUS,3.67,2.35,-4.95,-37.42
Aging Population & Longevity,BODI,3.4,-16.03,-54.06,-53.17
Agriculture & Food Tech,DE,-2.7,-5.08,8.96,6.21
Agriculture & Food Tech,ADM,2.71,-2.78,2.17,15.33
Agriculture & Food Tech,SYY,-2.85,-4.79,-7.88,2.39
Agriculture & Food Tech,NTR,-1.77,-11.41,5.38,-4.66
Agriculture & Food Tech,USFD,2.12,-7.51,-4.41,4.4
Agriculture & Food Tech,BG,-2.55,-12.1,-7.63,-14.45
Agriculture & Food Tech,TSN,1.33,1.17,-10.88,-21.03
Agriculture & Food Tech,CF,-1.05,-15.5,-2.37,-3.67
Agriculture & Food Tech,CNH,-4.52,-10.3,19.69,6.5
Agriculture & Food Tech,PFGC,1.17,-5.27,-16.49,6.08
Agriculture & Food Tech,TRMB,4.85,1.44,15.57,-8.19
Agriculture & Food Tech,CTVA,-81.45,-83.51,-82.92,-82.73
Agriculture & Food Tech,DAR,-0.83,-7.41,-1.41,-2.49
Agriculture & Food Tech,AGCO,-6.04,-12.83,-5.02,-11.09
Agriculture & Food Tech,PPC,2.67,-6.48,3.15,-21.19
Agriculture & Food Tech,MOS,-11.68,-20.12,-3.34,-21.32
Agriculture & Food Tech,INGR,-2.38,-6.57,-2.86,-18.2
Agriculture & Food Tech,UNFI,-4.32,-0.48,-5.26,-8.0
Agriculture & Food Tech,ANDE,-0.05,-4.24,-7.83,-10.87
Agriculture & Food Tech,FMC,0.0,-29.81,-16.22,-47.43
Agriculture & Food Tech,UAN,0.47,-3.76,6.16,3.28
Agriculture & Food Tech,LNN,0.29,-6.9,1.55,1.15
Agriculture & Food Tech,DNA,-3.61,68.68,24.74,77.01
Agriculture & Food Tech,VFF,-11.68,-7.41,35.61,-0.92
Agriculture & Food Tech,BYND,-7.15,-31.55,-62.75,-57.44
Agriculture & Food Tech,CBUS,2.53,2.53,-11.96,26.56
Agriculture & Food Tech,UAVS,-9.93,-21.61,5.42,-6.27
Agriculture & Food Tech,LSF,-9.83,-21.21,-33.4,33.91
Agriculture & Food Tech,LOCL,6.8,-3.53,-16.03,-25.17
Agriculture & Food Tech,BIOX,-3.88,-22.03,-1.59,-37.48
Agriculture & Food Tech,HYFM,3.72,-2.96,7.7,0.01
Agriculture & Food Tech,MLEC,-5.87,-31.77,-37.69,-38.49
Artificial Intelligence,NVDA,3.58,2.76,16.14,28.84
Artificial Intelligence,AAPL,1.77,2.55,8.42,29.5
Artificial Intelligence,GOOGL,1.85,2.35,-1.08,9.53
Artificial Intelligence,MSFT,3.55,3.87,41.48,42.03
Artificial Intelligence,AMZN,5.32,0.33,8.38,10.47
Artificial Intelligence,SPCX,12.73,12.79,11.4,11.73
Artificial Intelligence,META,-1.23,17.79,23.51,13.69
Artificial Intelligence,AVGO,5.49,4.67,-6.39,4.31
Artificial Intelligence,TSLA,7.3,4.35,-4.11,9.1
Artificial Intelligence,MU,1.04,12.01,7.03,158.87
Artificial Intelligence,AMD,5.9,39.8,20.21,170.23
Artificial Intelligence,INTC,-2.67,22.36,-1.52,83.88
Artificial Intelligence,PLTR,3.3,7.84,51.99,51.09
Artificial Intelligence,CSCO,9.68,7.07,1.83,39.93
Artificial Intelligence,ORCL,5.14,-9.97,1.51,4.54
Artificial Intelligence,AMAT,1.33,15.06,-17.0,29.35
Artificial Intelligence,LRCX,1.5,8.58,-9.76,25.2
Artificial Intelligence,DELL,5.94,12.69,30.45,215.98
Artificial Intelligence,PANW,3.63,23.03,27.4,141.99
Artificial Intelligence,ANET,5.67,11.93,15.42,46.29
Artificial Intelligence,CRWD,0.44,24.91,40.96,168.05
Artificial Intelligence,KLAC,0.42,10.64,-17.65,12.63
Artificial Intelligence,MRVL,7.57,34.5,15.64,130.21
Artificial Intelligence,SNDK,-2.16,6.71,-7.8,93.65
Artificial Intelligence,IBM,-0.09,-5.49,-22.85,-7.81
Artificial Intelligence,QCOM,-4.2,4.2,-7.97,37.52
Artificial Intelligence,CRM,-0.37,-14.73,41.83,31.12
Artificial Intelligence,ISRG,1.59,12.7,-0.14,-9.03
Artificial Intelligence,NOW,6.26,-3.8,35.13,55.07
Artificial Intelligence,FTNT,7.75,22.35,23.49,135.07
Artificial Intelligence,NET,-2.29,21.51,25.84,77.51
Artificial Intelligence,SNOW,0.56,-5.88,30.12,151.2
Artificial Intelligence,PWR,7.41,12.03,2.15,20.56
Artificial Intelligence,EQIX,0.83,-0.31,0.15,0.03
Artificial Intelligence,DDOG,0.45,27.88,5.13,148.94
Artificial Intelligence,HPE,9.63,33.87,57.11,188.24
Artificial Intelligence,VRT,-1.2,-10.02,-26.1,-14.93
Artificial Intelligence,APP,-6.08,-9.4,-44.29,-25.19
Artificial Intelligence,ADBE,-0.4,-15.19,8.71,1.25
Artificial Intelligence,INTU,10.48,-12.92,14.05,-17.38
Artificial Intelligence,DLR,1.62,-3.5,1.39,-4.11
Artificial Intelligence,HON,-1.28,0.51,-5.93,-15.99
Artificial Intelligence,TER,2.28,19.05,8.58,11.0
Artificial Intelligence,NXPI,-0.53,3.13,-19.54,13.46
Artificial Intelligence,D,0.95,-6.5,-12.1,-4.01
Artificial Intelligence,ROK,1.14,3.22,-6.77,11.04
Artificial Intelligence,WDAY,-1.44,-10.96,40.23,62.99
Artificial Intelligence,OKTA,5.73,29.47,52.76,218.67
Artificial Intelligence,ZS,7.39,28.53,51.51,74.1
Artificial Intelligence,SMCI,6.58,17.77,56.31,90.1
Artificial Intelligence,MDB,6.46,-4.05,3.88,57.48
Artificial Intelligence,SYM,3.0,3.94,2.03,-20.0
Artificial Intelligence,LSCC,3.72,13.0,-5.92,21.05
Artificial Intelligence,ZBRA,2.61,7.98,46.46,72.01
Artificial Intelligence,TLN,19.31,24.04,0.0,21.16
Artificial Intelligence,CHKP,2.61,-3.52,-2.01,-8.99
Artificial Intelligence,PINS,10.02,-1.88,-7.68,12.83
Artificial Intelligence,AES,0.4,0.95,1.91,3.61
Artificial Intelligence,CGNX,2.19,0.41,-7.34,13.07
Artificial Intelligence,SNAP,6.8,2.83,27.27,15.39
Artificial Intelligence,S,7.25,26.61,45.63,96.2
Artificial Intelligence,AVAV,-3.25,-4.65,-9.24,-21.88
Artificial Intelligence,OKLO,-1.26,-6.81,-23.05,-24.64
Artificial Intelligence,PATH,6.09,-19.52,17.96,31.89
Artificial Intelligence,TTD,0.04,-20.36,-35.01,-41.59
Artificial Intelligence,SYNA,17.79,20.9,-6.9,59.15
Artificial Intelligence,MGNI,-1.94,3.27,24.46,110.68
Artificial Intelligence,SMR,-2.42,-20.85,-13.63,-19.26
Artificial Intelligence,AMBA,-5.36,3.4,-15.57,21.41
Artificial Intelligence,SOUN,-4.9,-15.77,-15.72,-14.44
Artificial Intelligence,UPST,2.91,-14.0,-24.49,-12.97
Artificial Intelligence,RXRX,4.4,25.04,14.63,28.61
Artificial Intelligence,INOD,-5.24,15.28,-9.47,74.26
Artificial Intelligence,DV,0.3,1.12,22.84,38.6
Artificial Intelligence,AI,7.46,2.93,27.61,30.43
Artificial Intelligence,BBAI,-6.69,-15.2,-23.71,-24.4
Artificial Intelligence,CEVA,1.72,32.24,-23.91,72.4
Artificial Intelligence,PUBM,-1.69,9.82,43.62,118.73
Artificial Intelligence,CRNC,6.42,-1.31,-18.57,8.79
Autonomous Systems,NVDA,3.58,2.76,16.14,28.84
Autonomous Systems,GOOGL,1.85,2.35,-1.08,9.53
Autonomous Systems,MSFT,3.55,3.87,41.48,42.03
Autonomous Systems,AMZN,5.32,0.33,8.38,10.47
Autonomous Systems,TSLA,7.3,4.35,-4.11,9.1
Autonomous Systems,AMD,5.9,39.8,20.21,170.23
Autonomous Systems,PLTR,3.3,7.84,51.99,51.09
Autonomous Systems,ORCL,5.14,-9.97,1.51,4.54
Autonomous Systems,CAT,-1.77,1.43,-16.54,2.93
Autonomous Systems,RTX,-3.28,-10.22,-7.08,-11.12
Autonomous Systems,QCOM,-4.2,4.2,-7.97,37.52
Autonomous Systems,DE,-2.7,-5.08,8.96,6.21
Autonomous Systems,UBER,-2.07,-10.11,-5.59,-5.35
Autonomous Systems,LMT,-2.31,-5.77,-4.46,-19.39
Autonomous Systems,EMR,0.61,6.03,15.28,9.32
Autonomous Systems,GM,0.41,-6.27,6.05,5.03
Autonomous Systems,NOC,-1.98,-9.91,-11.92,-30.92
Autonomous Systems,HON,-1.28,0.51,-5.93,-15.99
Autonomous Systems,TER,2.28,19.05,8.58,11.0
Autonomous Systems,ROK,1.14,3.22,-6.77,11.04
Autonomous Systems,LHX,-1.31,-9.98,-20.06,-34.39
Autonomous Systems,ON,7.86,9.68,-15.81,19.34
Autonomous Systems,TDY,-0.52,-0.56,-6.48,-7.7
Autonomous Systems,SYM,3.0,3.94,2.03,-20.0
Autonomous Systems,ZBRA,2.61,7.98,46.46,72.01
Autonomous Systems,TRMB,4.85,1.44,15.57,-8.19
Autonomous Systems,TXT,-6.32,-7.44,-18.82,-20.2
Autonomous Systems,MANH,0.94,-7.56,34.22,62.74
Autonomous Systems,AUR,5.15,-8.7,-6.84,41.06
Autonomous Systems,CGNX,2.19,0.41,-7.34,13.07
Autonomous Systems,KTOS,-3.08,-12.17,-15.95,-38.34
Autonomous Systems,AGCO,-6.04,-12.83,-5.02,-11.09
Autonomous Systems,AVAV,-3.25,-4.65,-9.24,-21.88
Autonomous Systems,PATH,6.09,-19.52,17.96,31.89
Autonomous Systems,MBLY,-2.19,-13.96,-22.95,-1.52
Autonomous Systems,OII,-1.13,-14.86,6.33,20.95
Autonomous Systems,OUST,3.92,16.53,-8.08,104.87
Autonomous Systems,AMBA,-5.36,3.4,-15.57,21.41
Autonomous Systems,BBAI,-6.69,-15.2,-23.71,-24.4
Autonomous Systems,AEVA,2.28,-6.76,-34.94,8.64
Autonomous Systems,RCAT,-5.46,-27.65,-32.93,-49.05
Autonomous Systems,KVHI,-8.31,-5.45,-28.3,-26.89
Autonomous Systems,INVZ,-17.88,-1.43,-54.68,-53.66
Big Data,NVDA,3.58,2.76,16.14,28.84
Big Data,GOOGL,1.85,2.35,-1.08,9.53
Big Data,MSFT,3.55,3.87,41.48,42.03
Big Data,AMZN,5.32,0.33,8.38,10.47
Big Data,AMD,5.9,39.8,20.21,170.23
Big Data,PLTR,3.3,7.84,51.99,51.09
Big Data,CSCO,9.68,7.07,1.83,39.93
Big Data,ORCL,5.14,-9.97,1.51,4.54
Big Data,DELL,5.94,12.69,30.45,215.98
Big Data,SNDK,-2.16,6.71,-7.8,93.65
Big Data,CRM,-0.37,-14.73,41.83,31.12
Big Data,STX,-12.32,-1.37,-12.44,60.02
Big Data,WDC,-10.55,-10.35,-31.76,17.87
Big Data,NOW,6.26,-3.8,35.13,55.07
Big Data,SNOW,0.56,-5.88,30.12,151.2
Big Data,SPGI,0.38,-9.86,-7.38,-0.98
Big Data,EQIX,0.83,-0.31,0.15,0.03
Big Data,DDOG,0.45,27.88,5.13,148.94
Big Data,HPE,9.63,33.87,57.11,188.24
Big Data,ICE,0.21,-5.89,13.13,-5.26
Big Data,MCO,-1.1,-8.62,-6.77,3.08
Big Data,DLR,1.62,-3.5,1.39,-4.11
Big Data,MSTR,-4.67,11.66,63.06,17.93
Big Data,NTAP,12.25,29.13,42.39,144.96
Big Data,TRI,3.42,-9.36,13.58,14.83
Big Data,IQV,-4.39,-3.86,25.72,52.32
Big Data,MSCI,3.03,-1.97,-7.81,2.55
Big Data,SMCI,6.58,17.77,56.31,90.1
Big Data,MDB,6.46,-4.05,3.88,57.48
Big Data,VRSK,1.49,-9.57,-9.68,-0.11
Big Data,EFX,1.01,-15.22,-13.89,-21.6
Big Data,TRU,-2.63,-17.83,-17.62,-10.56
Big Data,CSGP,2.11,-11.68,-4.37,-26.01
Big Data,ESTC,4.72,-2.14,58.82,106.84
Big Data,FDS,4.12,-10.77,11.85,26.95
Big Data,TDC,1.53,2.68,-14.91,15.71
Big Data,AI,7.46,2.93,27.61,30.43
Biometrics,NVDA,3.58,2.76,16.14,28.84
Biometrics,AAPL,1.77,2.55,8.42,29.5
Biometrics,GOOGL,1.85,2.35,-1.08,9.53
Biometrics,MSFT,3.55,3.87,41.48,42.03
Biometrics,META,-1.23,17.79,23.51,13.69
Biometrics,PLTR,3.3,7.84,51.99,51.09
Biometrics,QCOM,-4.2,4.2,-7.97,37.52
Biometrics,ACN,10.41,2.42,50.18,5.82
Biometrics,LMT,-2.31,-5.77,-4.46,-19.39
Biometrics,NOC,-1.98,-9.91,-11.92,-30.92
Biometrics,GRMN,-5.02,0.13,13.52,7.29
Biometrics,LHX,-1.31,-9.98,-20.06,-34.39
Biometrics,OKTA,5.73,29.47,52.76,218.67
Biometrics,LDOS,-7.74,-13.64,7.6,-26.82
Biometrics,CGNX,2.19,0.41,-7.34,13.07
Biometrics,YOU,2.88,-3.99,-22.58,-12.67
Biometrics,SYNA,17.79,20.9,-6.9,59.15
Biometrics,PSN,0.79,-8.65,-24.0,-25.71
Biometrics,BBAI,-6.69,-15.2,-23.71,-24.4
Biometrics,EVLV,-0.64,-4.87,-22.22,-23.24
Biometrics,MITK,4.55,-6.18,-4.33,23.61
Biometrics,SPCB,-1.3,-10.34,-12.75,7.95
Biometrics,IDN,-3.23,-21.23,-45.9,-71.36
Biometrics,AWRE,-5.35,-15.2,-20.9,-8.62
Biometrics,AUID,0.55,-11.45,-69.19,-63.65
Biometrics,BKYI,-38.25,-37.46,-66.6,-68.44
Cloud Computing,NVDA,3.58,2.76,16.14,28.84
Cloud Computing,GOOGL,1.85,2.35,-1.08,9.53
Cloud Computing,MSFT,3.55,3.87,41.48,42.03
Cloud Computing,AMZN,5.32,0.33,8.38,10.47
Cloud Computing,AVGO,5.49,4.67,-6.39,4.31
Cloud Computing,AMD,5.9,39.8,20.21,170.23
Cloud Computing,INTC,-2.67,22.36,-1.52,83.88
Cloud Computing,CSCO,9.68,7.07,1.83,39.93
Cloud Computing,ORCL,5.14,-9.97,1.51,4.54
Cloud Computing,DELL,5.94,12.69,30.45,215.98
Cloud Computing,PANW,3.63,23.03,27.4,141.99
Cloud Computing,ANET,5.67,11.93,15.42,46.29
Cloud Computing,CRWD,0.44,24.91,40.96,168.05
Cloud Computing,MRVL,7.57,34.5,15.64,130.21
Cloud Computing,SHOP,11.67,14.86,41.6,46.92
Cloud Computing,IBM,-0.09,-5.49,-22.85,-7.81
Cloud Computing,CRM,-0.37,-14.73,41.83,31.12
Cloud Computing,NOW,6.26,-3.8,35.13,55.07
Cloud Computing,FTNT,7.75,22.35,23.49,135.07
Cloud Computing,NET,-2.29,21.51,25.84,77.51
Cloud Computing,SNOW,0.56,-5.88,30.12,151.2
Cloud Computing,EQIX,0.83,-0.31,0.15,0.03
Cloud Computing,DDOG,0.45,27.88,5.13,148.94
Cloud Computing,HPE,9.63,33.87,57.11,188.24
Cloud Computing,VRT,-1.2,-10.02,-26.1,-14.93
Cloud Computing,ADBE,-0.4,-15.19,8.71,1.25
Cloud Computing,INTU,10.48,-12.92,14.05,-17.38
Cloud Computing,DLR,1.62,-3.5,1.39,-4.11
Cloud Computing,TEAM,11.0,3.2,140.65,230.89
Cloud Computing,WDAY,-1.44,-10.96,40.23,62.99
Cloud Computing,TWLO,-6.36,13.98,28.43,119.1
Cloud Computing,OKTA,5.73,29.47,52.76,218.67
Cloud Computing,ZS,7.39,28.53,51.51,74.1
Cloud Computing,IRM,3.35,1.03,-0.22,6.2
Cloud Computing,SMCI,6.58,17.77,56.31,90.1
Cloud Computing,MDB,6.46,-4.05,3.88,57.48
Cloud Computing,ZM,7.17,-3.37,10.32,12.81
Cloud Computing,FFIV,6.06,19.21,11.61,58.46
Cloud Computing,NTNX,4.85,8.02,39.03,102.26
Cloud Computing,DT,3.71,13.56,39.16,76.69
Cloud Computing,AKAM,-3.89,-0.37,-16.51,-4.59
Cloud Computing,DOCN,-5.61,14.79,-10.96,46.33
Cloud Computing,DOCU,2.7,0.55,49.04,52.67
Cloud Computing,FROG,8.05,9.36,6.74,121.21
Cloud Computing,HUBS,10.55,-10.86,15.93,7.85
Cloud Computing,ESTC,4.72,-2.14,58.82,106.84
Cloud Computing,S,7.25,26.61,45.63,96.2
Cloud Computing,GTLB,11.61,6.23,68.74,165.87
Cloud Computing,DBX,1.97,-5.75,16.97,49.41
Cloud Computing,FSLY,-0.47,21.19,30.51,-15.79
Cloud Computing,MNDY,9.87,-11.9,7.49,33.62
Cloud Computing,ASAN,12.95,6.75,38.63,63.11
Cloud Computing,PD,2.74,10.73,57.0,151.97
Cloud Computing,RXT,-2.9,20.69,-38.6,323.08
Commodities - Agriculture,VLO,7.86,15.09,50.45,81.37
Commodities - Agriculture,ADM,2.71,-2.78,2.17,15.33
Commodities - Agriculture,NTR,-1.77,-11.41,5.38,-4.66
Commodities - Agriculture,HSY,-1.62,-7.54,-7.37,-23.93
Commodities - Agriculture,BG,-2.55,-12.1,-7.63,-14.45
Commodities - Agriculture,TSN,1.33,1.17,-10.88,-21.03
Commodities - Agriculture,CF,-1.05,-15.5,-2.37,-3.67
Commodities - Agriculture,JBS,5.97,-6.35,4.17,-33.87
Commodities - Agriculture,SJM,-4.19,-9.42,4.35,25.52
Commodities - Agriculture,HRL,-2.64,-9.32,-19.83,-7.57
Commodities - Agriculture,CTVA,-81.45,-83.51,-82.92,-82.73
Commodities - Agriculture,DAR,-0.83,-7.41,-1.41,-2.49
Commodities - Agriculture,PPC,2.67,-6.48,3.15,-21.19
Commodities - Agriculture,MOS,-11.68,-20.12,-3.34,-21.32
Commodities - Agriculture,CALM,-1.26,-16.4,-25.36,-19.38
Commodities - Agriculture,ANDE,-0.05,-4.24,-7.83,-10.87
Commodities - Agriculture,AGRO,4.17,-8.79,1.95,-25.46
Commodities - Agriculture,REX,3.17,6.06,-6.54,0.66
Commodities - Agriculture,FMC,0.0,-29.81,-16.22,-47.43
Commodities - Agriculture,DOLE,-1.23,-7.31,-8.44,-17.95
Commodities - Agriculture,GPRE,3.09,2.47,-7.37,2.06
Commodities - Agriculture,GEVO,-2.99,-19.75,-12.16,-32.64
Commodities - Agriculture,FF,0.59,-3.58,9.17,21.04
Commodities - Agriculture,AMTX,-4.37,-4.37,-0.57,-26.16
Commodities - Energy,XOM,1.12,1.88,17.46,6.5
Commodities - Energy,CVX,0.03,-2.08,17.48,8.14
Commodities - Energy,COP,3.1,-3.54,18.01,5.3
Commodities - Energy,MPC,11.11,14.55,57.15,100.08
Commodities - Energy,VLO,7.86,15.09,50.45,81.37
Commodities - Energy,WMB,3.55,-3.26,-5.46,-1.53
Commodities - Energy,EOG,3.07,-0.54,6.01,6.81
Commodities - Energy,KMI,3.92,1.21,-1.88,-2.99
Commodities - Energy,ET,2.25,-4.21,3.12,7.51
Commodities - Energy,OXY,5.64,-3.18,10.1,0.29
Commodities - Energy,LNG,1.57,-6.12,5.1,3.44
Commodities - Energy,OKE,0.51,-7.22,-3.11,2.97
Commodities - Energy,DVN,2.33,-1.07,12.53,0.52
Commodities - Energy,SRE,1.31,-5.13,-16.56,-19.97
Commodities - Energy,FANG,-0.32,-8.53,0.01,-0.69
Commodities - Energy,CCJ,1.46,-10.52,-6.73,-23.75
Commodities - Energy,EQT,6.69,-5.68,2.09,-11.2
Commodities - Energy,CQP,4.1,-7.39,-1.63,0.3
Commodities - Energy,EXE,4.58,-11.44,-1.64,-9.72
Commodities - Energy,BWXT,1.43,-10.64,-24.31,-38.56
Commodities - Energy,AR,5.55,-9.54,3.91,-6.27
Commodities - Energy,DAR,-0.83,-7.41,-1.41,-2.49
Commodities - Energy,NXE,-1.75,-14.87,-2.71,-22.77
Commodities - Energy,CLMT,5.23,5.45,45.08,69.7
Commodities - Energy,UEC,0.0,-16.93,-6.14,-31.62
Commodities - Energy,SMR,-2.42,-20.85,-13.63,-19.26
Commodities - Energy,LEU,5.09,-14.53,-12.92,-19.26
Commodities - Energy,UUUU,-7.82,-29.39,-22.27,-44.54
Commodities - Energy,DNN,-2.29,-24.48,-18.47,-27.89
Commodities - Energy,NEXT,2.07,-9.26,-17.78,-8.52
Commodities - Energy,URG,-1.79,-19.71,-16.03,-29.49
Commodities - Energy,MNTK,-9.52,18.22,70.51,129.31
Commodities - Energy,CLNE,-3.77,-5.56,-31.7,-33.48
Commodities - Energy,GEVO,-2.99,-19.75,-12.16,-32.64
Commodities - Energy,OPAL,-2.82,-12.24,-17.7,-31.47
Commodities - Energy,AMTX,-4.37,-4.37,-0.57,-26.16
Commodities - Metals,SCCO,-1.99,2.28,17.25,6.77
Commodities - Metals,NEM,-3.29,-10.07,19.5,-5.0
Commodities - Metals,FCX,0.29,0.2,20.41,6.87
Commodities - Metals,AEM,-3.89,-10.57,21.88,-17.18
Commodities - Metals,B,-5.68,-12.64,7.52,-8.67
Commodities - Metals,WPM,-1.78,-13.74,21.54,-5.93
Commodities - Metals,NUE,3.76,-6.44,8.51,32.85
Commodities - Metals,FNV,-5.62,-9.68,15.13,-9.14
Commodities - Metals,AU,-5.21,-17.48,10.03,-17.23
Commodities - Metals,STLD,5.51,-4.79,1.76,21.57
Commodities - Metals,TECK,-0.68,-3.24,14.42,15.08
Commodities - Metals,KGC,-5.54,-24.94,-1.38,-30.37
Commodities - Metals,RGLD,-5.32,-11.99,17.2,-14.81
Commodities - Metals,PAAS,-4.64,-13.5,2.09,-22.47
Commodities - Metals,CDE,-8.38,-21.63,4.83,-17.23
Commodities - Metals,ALB,-4.51,-19.03,-20.4,-40.78
Commodities - Metals,AA,0.71,-15.58,-12.14,-42.76
Commodities - Metals,HL,-4.99,-20.51,5.61,-16.25
Commodities - Metals,MP,0.78,-18.14,-14.24,-15.49
Commodities - Metals,AG,-8.21,-19.6,1.83,-20.45
Commodities - Metals,CMC,1.7,-8.35,1.48,-4.17
Commodities - Metals,CLF,8.65,-1.15,27.22,29.26
Commodities - Metals,TFPM,-3.83,-11.12,5.79,-15.91
Commodities - Metals,LKQ,-5.29,-12.09,-12.37,-27.03
Commodities - Metals,USAR,-6.17,-29.06,-28.56,-22.95
Commodities - Metals,ERO,-2.23,5.93,48.37,16.58
Commodities - Metals,CENX,-1.15,-22.96,-19.81,-45.98
Commodities - Metals,UUUU,-7.82,-29.39,-22.27,-44.54
Commodities - Metals,EXK,-5.78,-25.45,3.48,-14.4
Commodities - Metals,SVM,-8.14,-20.88,7.61,-11.31
Commodities - Metals,SGML,0.61,-18.65,-13.74,-30.32
Commodities - Metals,LAC,-10.24,-18.86,-32.49,-41.5
Commodities - Metals,LAR,-3.42,-19.97,-28.3,-24.79
Commodities - Metals,MTA,-10.55,-14.44,28.15,27.39
Commodities - Metals,CTGO,-5.03,-16.5,1.12,-24.94
Commodities - Metals,NB,-3.09,-17.27,-26.44,-31.0
Commodities - Metals,LXFR,-0.46,0.12,0.47,30.45
Commodities - Metals,NMG,-8.47,-21.74,-32.08,-52.21
Commodities - Metals,ABAT,-6.28,-23.16,-21.13,-27.18
Commodities - Metals,AREC,-11.89,-32.08,-13.76,-22.75
Commodities - Metals,ATLX,-3.61,-25.47,-28.36,-45.21
Commodities - Metals,WWR,-8.65,-15.44,1.37,-22.19
Consumer Goods,AMZN,5.32,0.33,8.38,10.47
Consumer Goods,TSLA,7.3,4.35,-4.11,9.1
Consumer Goods,WMT,1.11,-0.04,-2.77,-15.97
Consumer Goods,KO,-1.75,-3.12,4.54,10.05
Consumer Goods,HD,-1.59,-9.77,-15.39,-16.21
Consumer Goods,SHOP,11.67,14.86,41.6,46.92
Consumer Goods,PEP,-4.01,-10.17,-9.74,-21.27
Consumer Goods,UBER,-2.07,-10.11,-5.59,-5.35
Consumer Goods,ABNB,1.6,-12.3,13.71,24.64
Consumer Goods,RACE,-3.05,-5.59,3.86,8.48
Consumer Goods,MNST,2.4,-2.06,-9.61,12.59
Consumer Goods,MDLZ,0.59,-2.51,0.76,0.49
Consumer Goods,CVNA,-2.04,-13.85,-4.92,-4.47
Consumer Goods,HON,-1.28,0.51,-5.93,-15.99
Consumer Goods,NKE,-3.86,-10.1,-19.51,-21.6
Consumer Goods,EBAY,2.86,3.28,-6.62,13.13
Consumer Goods,ADM,2.71,-2.78,2.17,15.33
Consumer Goods,EL,-1.09,-6.03,15.96,28.43
Consumer Goods,SN,0.36,6.31,24.59,60.16
Consumer Goods,CPRT,-2.22,-20.13,-6.6,-19.31
Consumer Goods,TPR,-0.92,-7.03,-18.99,-25.74
Consumer Goods,RL,0.82,5.95,-5.28,-5.73
Consumer Goods,GIS,-6.01,-18.54,-11.87,-11.99
Consumer Goods,W,0.65,7.7,20.08,41.64
Consumer Goods,DECK,2.66,-4.16,-21.46,-27.13
Consumer Goods,LULU,-5.17,-6.39,-18.69,-44.91
Consumer Goods,LEVI,-1.01,-5.47,-16.84,-14.99
Consumer Goods,CELH,-3.86,-13.72,-10.72,-25.55
Consumer Goods,ETSY,2.14,-12.49,-7.42,33.48
Consumer Goods,SFM,-0.47,-17.16,-17.81,-13.64
Consumer Goods,ANF,3.89,-3.76,61.17,34.48
Consumer Goods,VFC,-1.71,10.7,-10.29,-22.1
Consumer Goods,SIG,-1.14,26.94,26.97,11.15
Consumer Goods,ALRM,1.41,-3.12,8.86,25.85
Consumer Goods,REZI,-3.41,-10.09,-21.13,-33.7
Consumer Goods,UNFI,-4.32,-0.48,-5.26,-8.0
Consumer Goods,RH,-6.62,-20.51,-27.55,-7.5
Consumer Goods,UAA,12.62,-6.23,-25.16,-23.49
Consumer Goods,SONO,-4.66,6.06,22.95,30.41
Consumer Goods,WHR,-6.11,-24.3,-22.18,-48.83
Consumer Goods,CPRI,-2.56,9.56,-18.69,-26.92
Consumer Goods,REAL,6.94,-5.15,-11.65,-3.09
Consumer Goods,VITL,0.0,-8.51,-24.69,-28.76
Consumer Goods,SFIX,9.2,-10.2,-22.66,-13.88
Consumer Goods,TDUP,0.0,-15.91,-66.16,-41.58
Consumer Goods,BYND,-7.15,-31.55,-62.75,-57.44
Consumer Goods,RENT,3.07,-56.48,-49.4,-70.98
Consumer Goods,HAIN,4.73,-27.83,-4.84,-37.59
Crypto & Blockchain,MSFT,3.55,3.87,41.48,42.03
Crypto & Blockchain,AMZN,5.32,0.33,8.38,10.47
Crypto & Blockchain,JPM,-1.59,-8.7,-0.57,6.32
Crypto & Blockchain,WMT,1.11,-0.04,-2.77,-15.97
Crypto & Blockchain,V,2.09,-0.74,7.76,20.53
Crypto & Blockchain,MA,1.39,-1.84,10.04,13.56
Crypto & Blockchain,ORCL,5.14,-9.97,1.51,4.54
Crypto & Blockchain,IBM,-0.09,-5.49,-22.85,-7.81
Crypto & Blockchain,CRM,-0.37,-14.73,41.83,31.12
Crypto & Blockchain,BLK,0.21,-3.81,7.4,6.71
Crypto & Blockchain,ACN,10.41,2.42,50.18,5.82
Crypto & Blockchain,HOOD,-10.68,-9.1,-2.42,56.2
Crypto & Blockchain,NDAQ,0.0,-5.37,8.97,9.17
Crypto & Blockchain,COIN,-8.72,-3.52,13.86,5.37
Crypto & Blockchain,PYPL,1.97,-2.09,25.26,19.68
Crypto & Blockchain,XYZ,2.34,-7.81,0.14,21.01
Crypto & Blockchain,TROW,-0.92,-5.1,-11.81,12.92
Crypto & Blockchain,IREN,-8.21,-5.75,-13.05,2.57
Crypto & Blockchain,HUT,-4.36,2.63,-19.19,38.45
Crypto & Blockchain,RIOT,-14.88,-10.61,-15.8,10.75
Crypto & Blockchain,CIFR,-13.18,-15.96,-35.63,-11.52
Crypto & Blockchain,CORZ,-2.98,-9.64,-34.35,-13.74
Crypto & Blockchain,MARA,-15.84,-7.38,-18.23,6.42
Crypto & Blockchain,WT,-5.5,-5.99,23.98,46.98
Crypto & Blockchain,CLSK,-15.67,-6.04,-11.72,11.95
Crypto & Blockchain,BTDR,-7.14,-11.26,-19.75,-0.38
Crypto & Blockchain,BKKT,-13.45,-9.8,-13.45,-14.27
Cybersecurity,GOOGL,1.85,2.35,-1.08,9.53
Cybersecurity,MSFT,3.55,3.87,41.48,42.03
Cybersecurity,AMZN,5.32,0.33,8.38,10.47
Cybersecurity,AVGO,5.49,4.67,-6.39,4.31
Cybersecurity,CSCO,9.68,7.07,1.83,39.93
Cybersecurity,PANW,3.63,23.03,27.4,141.99
Cybersecurity,CRWD,0.44,24.91,40.96,168.05
Cybersecurity,IBM,-0.09,-5.49,-22.85,-7.81
Cybersecurity,FTNT,7.75,22.35,23.49,135.07
Cybersecurity,NET,-2.29,21.51,25.84,77.51
Cybersecurity,OKTA,5.73,29.47,52.76,218.67
Cybersecurity,ZS,7.39,28.53,51.51,74.1
Cybersecurity,FFIV,6.06,19.21,11.61,58.46
Cybersecurity,CHKP,2.61,-3.52,-2.01,-8.99
Cybersecurity,SAIL,-5.64,2.51,32.66,77.03
Cybersecurity,ESTC,4.72,-2.14,58.82,106.84
Cybersecurity,S,7.25,26.61,45.63,96.2
Cybersecurity,QLYS,8.71,12.89,29.75,151.58
Cybersecurity,TENB,11.29,14.8,1.49,136.14
Cybersecurity,RPD,5.13,11.22,13.34,147.33
Defense & Aerospace,AMZN,5.32,0.33,8.38,10.47
Defense & Aerospace,SPCX,12.73,12.79,11.4,11.73
Defense & Aerospace,PLTR,3.3,7.84,51.99,51.09
Defense & Aerospace,GE,-4.49,-8.61,-16.03,-3.02
Defense & Aerospace,RTX,-3.28,-10.22,-7.08,-11.12
Defense & Aerospace,BA,-1.94,-10.08,-16.41,-14.47
Defense & Aerospace,LMT,-2.31,-5.77,-4.46,-19.39
Defense & Aerospace,HWM,-3.86,-14.33,-19.32,-12.08
Defense & Aerospace,GD,-1.64,-9.67,-12.04,-4.58
Defense & Aerospace,NOC,-1.98,-9.91,-11.92,-30.92
Defense & Aerospace,TDG,-0.29,-4.8,-15.53,-10.22
Defense & Aerospace,LHX,-1.31,-9.98,-20.06,-34.39
Defense & Aerospace,RKLB,1.81,11.06,-16.66,6.23
Defense & Aerospace,HEI,-3.11,-8.5,-15.24,1.22
Defense & Aerospace,ATI,0.5,-7.41,-0.15,18.84
Defense & Aerospace,CRS,0.95,-15.74,-34.6,-9.05
Defense & Aerospace,CW,-4.91,-10.51,-34.23,-30.46
Defense & Aerospace,LDOS,-7.74,-13.64,7.6,-26.82
Defense & Aerospace,BWXT,1.43,-10.64,-24.31,-38.56
Defense & Aerospace,CACI,-4.31,-6.71,19.16,4.38
Defense & Aerospace,TXT,-6.32,-7.44,-18.82,-20.2
Defense & Aerospace,VSAT,1.96,-1.21,-7.15,26.55
Defense & Aerospace,BAH,-1.83,-5.61,9.59,-13.6
Defense & Aerospace,MP,0.78,-18.14,-14.24,-15.49
Defense & Aerospace,KTOS,-3.08,-12.17,-15.95,-38.34
Defense & Aerospace,AVAV,-3.25,-4.65,-9.24,-21.88
Defense & Aerospace,PL,7.77,-9.62,-37.03,-49.11
Defense & Aerospace,HXL,-0.62,-8.94,-15.22,-0.9
Defense & Aerospace,IRDM,0.73,2.61,-5.01,39.37
Defense & Aerospace,MRCY,-4.96,-5.51,-30.36,0.66
Defense & Aerospace,PSN,0.79,-8.65,-24.0,-25.71
Defense & Aerospace,ONDS,-4.13,-5.52,-4.52,-22.1
Defense & Aerospace,OLN,2.58,-5.24,-24.73,-44.78
Defense & Aerospace,RCAT,-5.46,-27.65,-32.93,-49.05
Defense & Aerospace,BKSY,-1.13,3.46,-17.08,-34.58
Defense & Aerospace,SPIR,-4.41,-10.52,-35.89,-43.61
Digital Entertainment,NVDA,3.58,2.76,16.14,28.84
Digital Entertainment,AAPL,1.77,2.55,8.42,29.5
Digital Entertainment,GOOGL,1.85,2.35,-1.08,9.53
Digital Entertainment,MSFT,3.55,3.87,41.48,42.03
Digital Entertainment,AMZN,5.32,0.33,8.38,10.47
Digital Entertainment,AVGO,5.49,4.67,-6.39,4.31
Digital Entertainment,AMD,5.9,39.8,20.21,170.23
Digital Entertainment,INTC,-2.67,22.36,-1.52,83.88
Digital Entertainment,NFLX,-0.71,-15.18,-6.18,-31.98
Digital Entertainment,ANET,5.67,11.93,15.42,46.29
Digital Entertainment,DIS,-0.95,-1.63,8.73,4.92
Digital Entertainment,NET,-2.29,21.51,25.84,77.51
Digital Entertainment,SPOT,4.38,-7.83,9.13,4.63
Digital Entertainment,ICE,0.21,-5.89,13.13,-5.26
Digital Entertainment,TTWO,0.16,-3.74,-18.93,3.35
Digital Entertainment,RBLX,12.62,11.97,-14.64,-15.95
Digital Entertainment,ROKU,0.11,-3.18,9.87,51.39
Digital Entertainment,U,13.74,9.6,57.67,107.58
Digital Entertainment,AKAM,-3.89,-0.37,-16.51,-4.59
Digital Entertainment,WMG,1.96,-3.59,-1.47,-0.04
Digital Entertainment,FLUT,0.99,-24.89,-31.0,-29.2
Digital Entertainment,DKNG,-2.4,-20.21,-29.4,-14.55
Digital Entertainment,SIRI,0.54,-12.83,-14.07,10.71
Digital Entertainment,MGM,-5.51,-26.9,-35.23,-18.35
Digital Entertainment,CZR,-0.44,-0.71,-0.97,11.83
Digital Entertainment,SGHC,-2.41,-19.33,-26.82,7.18
Digital Entertainment,CHDN,-2.9,-17.52,-12.67,-16.41
Digital Entertainment,BYD,4.22,-9.87,-19.11,-19.88
Digital Entertainment,RSI,1.91,-23.39,-38.72,-6.36
Digital Entertainment,SRAD,3.97,-7.37,-24.1,-21.54
Digital Entertainment,PENN,6.79,-8.28,-23.43,-0.06
Digital Entertainment,GENI,3.09,-16.47,1.93,55.01
Digital Entertainment,PLTK,7.91,4.98,-35.38,-27.5
Digital Entertainment,BALY,-1.29,45.32,13.46,25.75
Digital Entertainment,INSE,12.61,-32.68,-47.55,-44.85
E-Commerce,GOOGL,1.85,2.35,-1.08,9.53
E-Commerce,AMZN,5.32,0.33,8.38,10.47
E-Commerce,META,-1.23,17.79,23.51,13.69
E-Commerce,WMT,1.11,-0.04,-2.77,-15.97
E-Commerce,COST,1.91,1.74,0.78,-8.21
E-Commerce,HD,-1.59,-9.77,-15.39,-16.21
E-Commerce,SHOP,11.67,14.86,41.6,46.92
E-Commerce,CRM,-0.37,-14.73,41.83,31.12
E-Commerce,UBER,-2.07,-10.11,-5.59,-5.35
E-Commerce,PLD,-4.34,-7.75,-9.73,-8.02
E-Commerce,CVS,1.05,-8.95,-16.05,11.36
E-Commerce,MELI,8.19,-5.68,5.38,3.99
E-Commerce,ADBE,-0.4,-15.19,8.71,1.25
E-Commerce,DASH,1.88,-13.66,2.5,23.74
E-Commerce,UPS,-1.83,-10.46,-16.73,-9.66
E-Commerce,TGT,-5.23,-7.76,14.59,21.38
E-Commerce,FDX,0.8,-10.72,-7.73,-4.93
E-Commerce,HON,-1.28,0.51,-5.93,-15.99
E-Commerce,NKE,-3.86,-10.1,-19.51,-21.6
E-Commerce,EBAY,2.86,3.28,-6.62,13.13
E-Commerce,XYZ,2.34,-7.81,0.14,21.01
E-Commerce,KR,-2.81,1.53,0.1,-14.71
E-Commerce,EL,-1.09,-6.03,15.96,28.43
E-Commerce,CPNG,6.32,-4.2,-21.35,-25.24
E-Commerce,SYM,3.0,3.94,2.03,-20.0
E-Commerce,ROKU,0.11,-3.18,9.87,51.39
E-Commerce,BBY,-6.17,-3.3,7.65,29.84
E-Commerce,TRMB,4.85,1.44,15.57,-8.19
E-Commerce,MANH,0.94,-7.56,34.22,62.74
E-Commerce,PINS,10.02,-1.88,-7.68,12.83
E-Commerce,LULU,-5.17,-6.39,-18.69,-44.91
E-Commerce,CART,2.75,-12.72,-6.22,13.62
E-Commerce,SNAP,6.8,2.83,27.27,15.39
E-Commerce,LEVI,-1.01,-5.47,-16.84,-14.99
E-Commerce,CHWY,-0.82,-23.83,-10.07,-30.0
E-Commerce,HIMS,1.3,6.53,-18.4,48.07
E-Commerce,ETSY,2.14,-12.49,-7.42,33.48
E-Commerce,SFM,-0.47,-17.16,-17.81,-13.64
E-Commerce,M,-2.36,1.7,0.18,17.17
E-Commerce,TTD,0.04,-20.36,-35.01,-41.59
E-Commerce,ACI,-0.59,-5.32,-15.54,-31.98
E-Commerce,GXO,2.18,-1.56,-7.78,-18.12
E-Commerce,MGNI,-1.94,3.27,24.46,110.68
E-Commerce,WRBY,-9.35,10.04,-9.32,20.64
E-Commerce,WIX,2.34,-8.79,59.22,10.59
E-Commerce,LSPD,4.71,-1.92,3.02,18.82
E-Commerce,REAL,6.94,-5.15,-11.65,-3.09
E-Commerce,PUBM,-1.69,9.82,43.62,118.73
E-Commerce,CRTO,-3.56,-17.73,-33.57,-17.77
E-Commerce,VTEX,6.08,6.96,-1.79,-4.95
E-Commerce,TDUP,0.0,-15.91,-66.16,-41.58
E-Commerce,BIRD,30.77,22.89,-12.32,22.13
Education Technology,GOOGL,1.85,2.35,-1.08,9.53
Education Technology,MSFT,3.55,3.87,41.48,42.03
Education Technology,ADBE,-0.4,-15.19,8.71,1.25
Education Technology,ZM,7.17,-3.37,10.32,12.81
Education Technology,DUOL,5.73,-3.65,21.36,66.45
Education Technology,LAUR,-0.57,8.25,-2.33,16.77
Education Technology,GHC,3.39,4.8,1.62,6.23
Education Technology,CVSA,5.85,0.28,-1.58,11.89
Education Technology,LRN,4.76,-5.85,-10.57,-11.91
Education Technology,MH,3.8,0.0,33.54,-4.73
Education Technology,WLY,2.16,-1.41,-1.53,26.42
Education Technology,PRDO,6.24,-1.68,-7.37,-9.45
Education Technology,COUR,3.02,-13.83,-9.56,-8.91
Education Technology,UTI,6.88,-6.31,-59.92,-43.49
Education Technology,LINC,4.65,-9.4,-58.24,-43.31
Education Technology,DCBO,4.1,-4.33,27.7,47.23
Education Technology,BNED,1.83,-3.48,-0.26,18.86
Education Technology,CHGG,3.15,-22.37,-16.52,-12.02
Education Technology,SKIL,7.51,-2.93,-19.64,45.83
Electric Vehicles,NVDA,3.58,2.76,16.14,28.84
Electric Vehicles,GOOGL,1.85,2.35,-1.08,9.53
Electric Vehicles,TSLA,7.3,4.35,-4.11,9.1
Electric Vehicles,TXN,2.78,12.64,-6.74,33.55
Electric Vehicles,VZ,-0.69,-9.46,8.46,-2.8
Electric Vehicles,QCOM,-4.2,4.2,-7.97,37.52
Electric Vehicles,ETN,-0.62,7.59,4.81,6.71
Electric Vehicles,NEE,0.96,-7.93,-12.7,-18.33
Electric Vehicles,UBER,-2.07,-10.11,-5.59,-5.35
Electric Vehicles,GM,0.41,-6.27,6.05,5.03
Electric Vehicles,NXPI,-0.53,3.13,-19.54,13.46
Electric Vehicles,F,-2.02,-15.72,-10.82,-1.78
Electric Vehicles,ON,7.86,9.68,-15.81,19.34
Electric Vehicles,IOT,6.47,-9.78,13.76,51.1
Electric Vehicles,RIVN,-5.03,-9.07,-13.26,-6.7
Electric Vehicles,MGA,0.18,-2.74,1.61,11.89
Electric Vehicles,TRMB,4.85,1.44,15.57,-8.19
Electric Vehicles,BWA,2.31,-5.01,-4.84,12.77
Electric Vehicles,ALB,-4.51,-19.03,-20.4,-40.78
Electric Vehicles,AUR,5.15,-8.7,-6.84,41.06
Electric Vehicles,APTV,1.28,-5.01,-24.87,-26.99
Electric Vehicles,MP,0.78,-18.14,-14.24,-15.49
Electric Vehicles,MBLY,-2.19,-13.96,-22.95,-1.52
Electric Vehicles,LYFT,2.56,-9.93,3.65,16.68
Electric Vehicles,LEA,-0.14,-8.29,-9.25,-5.54
Electric Vehicles,DAN,3.39,-10.76,8.02,-23.23
Electric Vehicles,NVTS,-4.12,0.8,-19.63,19.2
Electric Vehicles,AMBA,-5.36,3.4,-15.57,21.41
Electric Vehicles,QS,-3.0,-17.06,-32.34,-28.03
Electric Vehicles,WOLF,10.85,15.76,-17.45,25.78
Electric Vehicles,THRM,-10.86,-24.43,-11.99,3.51
Electric Vehicles,LCID,-5.81,-15.25,-32.93,-55.85
Electric Vehicles,TE,-3.12,-16.93,-50.53,-12.44
Electric Vehicles,LAC,-10.24,-18.86,-32.49,-41.5
Electric Vehicles,ENVX,-8.27,-24.33,-53.8,-55.11
Electric Vehicles,SLDP,3.9,-2.44,0.84,-19.73
Electric Vehicles,EVGO,-4.44,-9.15,-29.89,-36.45
Electric Vehicles,AIOT,-5.73,-12.04,-37.53,-12.91
Electric Vehicles,ABAT,-6.28,-23.16,-21.13,-27.18
Electric Vehicles,SES,33.38,44.63,-10.58,-26.5
Electric Vehicles,MVST,-4.4,-11.25,-43.52,-60.79
Electric Vehicles,CHPT,-14.2,-11.42,43.46,55.98
Electric Vehicles,INVZ,-17.88,-1.43,-54.68,-53.66
Electric Vehicles,BLNK,-5.48,-12.75,-12.72,-13.49
Electric Vehicles,WBX,-5.59,-14.29,-48.67,-7.22
Electric Vehicles,BEEM,-5.26,-23.4,-10.74,-30.32
Energy - Renewable,TSLA,7.3,4.35,-4.11,9.1
Energy - Renewable,CVX,0.03,-2.08,17.48,8.14
Energy - Renewable,GEV,2.85,4.96,-10.17,2.46
Energy - Renewable,LIN,1.64,0.99,-7.99,-4.34
Energy - Renewable,SCCO,-1.99,2.28,17.25,6.77
Energy - Renewable,ETN,-0.62,7.59,4.81,6.71
Energy - Renewable,NEE,0.96,-7.93,-12.7,-18.33
Energy - Renewable,VLO,7.86,15.09,50.45,81.37
Energy - Renewable,CEG,14.46,5.47,20.71,6.84
Energy - Renewable,PWR,7.41,12.03,2.15,20.56
Energy - Renewable,ENB,-2.05,-8.73,-16.61,-15.78
Energy - Renewable,FCX,0.29,0.2,20.41,6.87
Energy - Renewable,SO,2.01,-3.26,-11.4,-12.22
Energy - Renewable,DUK,0.61,-4.34,-8.71,-12.77
Energy - Renewable,BE,-1.61,23.0,5.51,79.94
Energy - Renewable,CMI,-1.15,-6.52,-24.6,-16.06
Energy - Renewable,SLB,-3.9,-15.86,1.22,-8.75
Energy - Renewable,MPWR,5.33,15.08,1.91,6.5
Energy - Renewable,AEP,1.69,-1.69,-10.17,-10.89
Energy - Renewable,APD,-1.06,-7.99,-5.67,-6.98
Energy - Renewable,VST,19.07,15.88,4.85,8.61
Energy - Renewable,D,0.95,-6.5,-12.1,-4.01
Energy - Renewable,XEL,1.66,-4.71,-9.2,-12.36
Energy - Renewable,EXC,1.52,-5.27,-11.82,-15.67
Energy - Renewable,PEG,5.11,-2.47,-12.05,-14.51
Energy - Renewable,PPL,3.54,-2.61,-5.77,-14.51
Energy - Renewable,HUBB,2.96,3.39,-3.43,-11.5
Energy - Renewable,FSLR,0.91,-13.5,-22.25,-9.1
Energy - Renewable,GNRC,4.15,20.4,-9.07,5.91
Energy - Renewable,NXT,7.73,2.36,-24.01,-24.25
Energy - Renewable,ALB,-4.51,-19.03,-20.4,-40.78
Energy - Renewable,AES,0.4,0.95,1.91,3.61
Energy - Renewable,DAR,-0.83,-7.41,-1.41,-2.49
Energy - Renewable,ENLT,-5.71,-15.31,-18.72,-10.58
Energy - Renewable,BEP,4.55,-5.79,-12.51,-13.52
Energy - Renewable,MP,0.78,-18.14,-14.24,-15.49
Energy - Renewable,ACA,0.17,0.58,0.62,30.55
Energy - Renewable,ENS,-0.33,0.82,-11.64,-4.42
Energy - Renewable,CWEN,2.57,-3.75,-10.33,-26.01
Energy - Renewable,ORA,-1.67,-14.4,-19.71,-22.67
Energy - Renewable,CLMT,5.23,5.45,45.08,69.7
Energy - Renewable,ENPH,3.46,-7.52,-24.58,6.72
Energy - Renewable,ITRI,-2.56,-9.98,1.82,-10.42
Energy - Renewable,PLUG,-8.25,-15.64,-28.94,-36.31
Energy - Renewable,SEDG,3.62,-2.07,-38.44,-21.51
Energy - Renewable,XIFR,-1.05,-13.16,-17.78,1.67
Energy - Renewable,RUN,-2.93,-14.4,-37.75,-43.19
Energy - Renewable,AMSC,7.54,8.89,-15.72,-13.04
Energy - Renewable,FCEL,7.97,26.48,-24.11,179.1
Energy - Renewable,FLNC,-3.76,-24.13,-53.32,-43.85
Energy - Renewable,EOSE,-3.73,-11.93,-32.09,-49.92
Energy - Renewable,GPRE,3.09,2.47,-7.37,2.06
Energy - Renewable,LAC,-10.24,-18.86,-32.49,-41.5
Energy - Renewable,CSIQ,-2.51,-16.67,-26.28,-10.0
Energy - Renewable,BLDP,-4.31,-12.66,-39.58,-25.09
Energy - Renewable,NRGV,-7.81,-1.88,0.27,10.91
Energy - Renewable,MNTK,-9.52,18.22,70.51,129.31
Energy - Renewable,CLNE,-3.77,-5.56,-31.7,-33.48
Energy - Renewable,GEVO,-2.99,-19.75,-12.16,-32.64
Energy - Renewable,OPAL,-2.82,-12.24,-17.7,-31.47
Energy - Renewable,AMTX,-4.37,-4.37,-0.57,-26.16
Energy - Renewable,SPWR,-3.49,-19.43,-55.65,-74.32
Energy - Renewable,STEM,-3.87,-19.46,-35.4,-54.39
Energy - Renewable,HTOO,-2.87,-13.25,-22.96,-26.75
Energy - Traditional,XOM,1.12,1.88,17.46,6.5
Energy - Traditional,CVX,0.03,-2.08,17.48,8.14
Energy - Traditional,GEV,2.85,4.96,-10.17,2.46
Energy - Traditional,TTE,-2.19,-4.92,6.89,-7.11
Energy - Traditional,NEE,0.96,-7.93,-12.7,-18.33
Energy - Traditional,COP,3.1,-3.54,18.01,5.3
Energy - Traditional,MPC,11.11,14.55,57.15,100.08
Energy - Traditional,VLO,7.86,15.09,50.45,81.37
Energy - Traditional,PSX,5.72,7.88,43.73,69.56
Energy - Traditional,CEG,14.46,5.47,20.71,6.84
Energy - Traditional,ENB,-2.05,-8.73,-16.61,-15.78
Energy - Traditional,SO,2.01,-3.26,-11.4,-12.22
Energy - Traditional,DUK,0.61,-4.34,-8.71,-12.77
Energy - Traditional,WMB,3.55,-3.26,-5.46,-1.53
Energy - Traditional,EPD,2.07,-5.46,-2.33,-1.2
Energy - Traditional,EOG,3.07,-0.54,6.01,6.81
Energy - Traditional,SLB,-3.9,-15.86,1.22,-8.75
Energy - Traditional,KMI,3.92,1.21,-1.88,-2.99
Energy - Traditional,ET,2.25,-4.21,3.12,7.51
Energy - Traditional,AEP,1.69,-1.69,-10.17,-10.89
Energy - Traditional,OXY,5.64,-3.18,10.1,0.29
Energy - Traditional,VST,19.07,15.88,4.85,8.61
Energy - Traditional,OKE,0.51,-7.22,-3.11,2.97
Energy - Traditional,BKR,-1.38,-12.05,-3.93,-11.8
Energy - Traditional,D,0.95,-6.5,-12.1,-4.01
Energy - Traditional,DVN,2.33,-1.07,12.53,0.52
Energy - Traditional,SRE,1.31,-5.13,-16.56,-19.97
Energy - Traditional,FANG,-0.32,-8.53,0.01,-0.69
Energy - Traditional,ETR,2.34,-3.85,-10.61,-12.24
Energy - Traditional,XEL,1.66,-4.71,-9.2,-12.36
Energy - Traditional,CCJ,1.46,-10.52,-6.73,-23.75
Energy - Traditional,FTI,-0.98,-13.72,-2.91,-6.3
Energy - Traditional,DTE,3.47,-6.64,-15.66,-15.44
Energy - Traditional,HAL,0.47,-13.96,-8.0,-15.63
Energy - Traditional,NRG,11.98,-2.41,-22.55,-33.03
Energy - Traditional,DINO,7.72,9.98,49.68,106.74
Energy - Traditional,PAA,0.5,-5.6,4.15,10.5
Energy - Traditional,APA,3.86,0.3,26.66,13.44
Energy - Traditional,BWXT,1.43,-10.64,-24.31,-38.56
Energy - Traditional,OKLO,-1.26,-6.81,-23.05,-24.64
Energy - Traditional,NOV,-1.48,-12.87,-1.64,-4.51
Energy - Traditional,HCC,0.52,-13.11,14.97,3.68
Energy - Traditional,UEC,0.0,-16.93,-6.14,-31.62
Energy - Traditional,CNR,2.02,-9.62,10.93,-0.8
Energy - Traditional,OII,-1.13,-14.86,6.33,20.95
Energy - Traditional,PTEN,5.35,-9.29,17.59,11.63
Energy - Traditional,SMR,-2.42,-20.85,-13.63,-19.26
Energy - Traditional,ARLP,0.37,-6.32,1.44,-7.59
Energy - Traditional,BTU,1.3,-9.14,7.95,-9.93
Energy - Traditional,LEU,5.09,-14.53,-12.92,-19.26
Energy - Traditional,AMR,1.06,-21.29,12.72,-8.54
Energy - Traditional,HNRG,-3.67,-14.95,-16.15,-10.43
Energy - Traditional,METC,-3.52,-37.53,-30.9,-40.49
Environmental Sustainability,LIN,1.64,0.99,-7.99,-4.34
Environmental Sustainability,NEE,0.96,-7.93,-12.7,-18.33
Environmental Sustainability,JCI,3.82,9.69,9.62,9.37
Environmental Sustainability,WM,0.89,-4.82,-9.65,-9.89
Environmental Sustainability,ECL,-0.01,0.81,1.57,1.6
Environmental Sustainability,CMI,-1.15,-6.52,-24.6,-16.06
Environmental Sustainability,RSG,1.85,-3.01,-0.9,-0.38
Environmental Sustainability,HON,-1.28,0.51,-5.93,-15.99
Environmental Sustainability,OXY,5.64,-3.18,10.1,0.29
Environmental Sustainability,AME,-1.58,6.16,6.17,6.4
Environmental Sustainability,WCN,-0.56,-5.7,-8.71,-5.72
Environmental Sustainability,AWK,-2.38,-9.01,-2.84,-8.35
Environmental Sustainability,XYL,-0.44,-5.31,-14.65,-21.36
Environmental Sustainability,VLTO,-0.26,-1.54,4.7,6.84
Environmental Sustainability,FSLR,0.91,-13.5,-22.25,-9.1
Environmental Sustainability,GFL,-0.61,-1.98,4.03,-5.42
Environmental Sustainability,CLH,0.98,-0.03,5.18,4.45
Environmental Sustainability,BALL,1.38,-7.93,-5.86,-9.09
Environmental Sustainability,WTS,-2.75,-1.25,-0.95,14.39
Environmental Sustainability,WTRG,-2.16,-7.58,0.05,-5.79
Environmental Sustainability,AES,0.4,0.95,1.91,3.61
Environmental Sustainability,DCI,-0.39,-3.41,-1.29,-2.5
Environmental Sustainability,OC,-3.32,-14.58,-17.5,-0.74
Environmental Sustainability,PNR,-2.76,-12.56,-27.88,-42.52
Environmental Sustainability,AOS,-4.9,-8.09,-7.19,-17.94
Environmental Sustainability,CWST,4.27,-10.78,-15.14,-3.52
Environmental Sustainability,SON,-4.08,-8.81,-13.92,-15.62
Environmental Sustainability,BEPC,4.09,-6.32,-18.62,-30.6
Environmental Sustainability,CECO,-0.43,-4.15,-16.81,9.24
Environmental Sustainability,AWR,-1.0,-8.54,-2.61,2.65
Environmental Sustainability,CWT,-1.41,-8.76,-7.76,-3.92
Environmental Sustainability,RNW,0.58,0.88,11.13,45.67
Environmental Sustainability,MSEX,-0.15,-8.43,-3.1,-3.8
Environmental Sustainability,CWCO,7.88,4.93,4.64,-15.27
Environmental Sustainability,ERII,-0.3,-11.68,-21.74,-38.82
Environmental Sustainability,NPWR,-18.0,-31.67,-25.0,-18.54
Environmental Sustainability,LNZA,-0.34,-5.28,0.68,-77.23
Environmental Sustainability,FTEK,1.83,17.61,-5.65,28.46
Fintech,NVDA,3.58,2.76,16.14,28.84
Fintech,V,2.09,-0.74,7.76,20.53
Fintech,MA,1.39,-1.84,10.04,13.56
Fintech,AXP,-0.63,-7.08,-9.72,-4.13
Fintech,SCHW,-3.39,-12.78,-5.76,-1.65
Fintech,IBKR,1.28,-4.16,-7.46,21.62
Fintech,HOOD,-10.68,-9.1,-2.42,56.2
Fintech,CME,3.21,-3.3,13.4,-10.17
Fintech,ICE,0.21,-5.89,13.13,-5.26
Fintech,NU,25.75,0.58,17.85,4.35
Fintech,ORLY,-1.96,-2.49,0.1,-10.06
Fintech,MSTR,-4.67,11.66,63.06,17.93
Fintech,NDAQ,0.0,-5.37,8.97,9.17
Fintech,COIN,-8.72,-3.52,13.86,5.37
Fintech,PYPL,1.97,-2.09,25.26,19.68
Fintech,XYZ,2.34,-7.81,0.14,21.01
Fintech,AFRM,8.08,2.12,-8.27,52.3
Fintech,TW,6.81,3.37,8.84,-11.7
Fintech,FISV,0.13,-12.71,-9.38,-19.59
Fintech,GPN,-2.78,-10.7,11.83,23.3
Fintech,SOFI,-1.73,-13.38,-11.77,-3.93
Fintech,TOST,0.16,-8.51,7.01,17.86
Fintech,GWRE,14.41,-2.13,25.18,33.04
Fintech,ALLY,0.04,-13.25,-16.36,-10.53
Fintech,VIRT,8.75,-8.11,-10.12,18.95
Fintech,OSCR,10.64,2.24,8.61,124.34
Fintech,RIOT,-14.88,-10.61,-15.8,10.75
Fintech,MKTX,0.14,0.63,43.76,-4.53
Fintech,ACIW,5.08,-2.82,-7.4,24.23
Fintech,DAVE,6.1,-9.58,-9.52,88.72
Fintech,DLO,7.34,-5.5,2.07,13.53
Fintech,MARA,-15.84,-7.38,-18.23,6.42
Fintech,LMND,3.51,-13.99,-33.58,-15.19
Fintech,FOUR,5.38,-12.07,-16.87,-7.63
Fintech,CLSK,-15.67,-6.04,-11.72,11.95
Fintech,UPST,2.91,-14.0,-24.49,-12.97
Fintech,ETOR,-1.48,-21.57,-36.58,-23.05
Fintech,MQ,0.29,2.34,11.14,7.7
Fintech,TRUP,4.19,-13.21,-5.27,-4.31
Fintech,HIPO,4.28,-3.48,13.6,25.04
Fintech,ROOT,2.69,-15.76,-27.9,3.2
Fintech,EVER,1.41,-21.97,-20.3,21.87
Fintech,SLQT,-14.98,-31.34,-50.67,-44.78
Hardware,NVDA,3.58,2.76,16.14,28.84
Hardware,AAPL,1.77,2.55,8.42,29.5
Hardware,MSFT,3.55,3.87,41.48,42.03
Hardware,META,-1.23,17.79,23.51,13.69
Hardware,AVGO,5.49,4.67,-6.39,4.31
Hardware,TSLA,7.3,4.35,-4.11,9.1
Hardware,AMD,5.9,39.8,20.21,170.23
Hardware,INTC,-2.67,22.36,-1.52,83.88
Hardware,CSCO,9.68,7.07,1.83,39.93
Hardware,DELL,5.94,12.69,30.45,215.98
Hardware,ANET,5.67,11.93,15.42,46.29
Hardware,TXN,2.78,12.64,-6.74,33.55
Hardware,MRVL,7.57,34.5,15.64,130.21
Hardware,SNDK,-2.16,6.71,-7.8,93.65
Hardware,APH,2.46,5.69,7.09,26.14
Hardware,IBM,-0.09,-5.49,-22.85,-7.81
Hardware,ADI,3.17,13.96,3.66,16.17
Hardware,QCOM,-4.2,4.2,-7.97,37.52
Hardware,STX,-12.32,-1.37,-12.44,60.02
Hardware,ETN,-0.62,7.59,4.81,6.71
Hardware,ISRG,1.59,12.7,-0.14,-9.03
Hardware,WDC,-10.55,-10.35,-31.76,17.87
Hardware,LITE,12.74,28.99,47.13,22.35
Hardware,HPE,9.63,33.87,57.11,188.24
Hardware,VRT,-1.2,-10.02,-26.1,-14.93
Hardware,EMR,0.61,6.03,15.28,9.32
Hardware,MSI,0.51,-4.73,6.14,1.6
Hardware,HON,-1.28,0.51,-5.93,-15.99
Hardware,CIEN,25.79,38.79,-3.07,-10.37
Hardware,TEL,1.45,3.66,7.7,-6.16
Hardware,AME,-1.58,6.16,6.17,6.4
Hardware,GRMN,-5.02,0.13,13.52,7.29
Hardware,ROK,1.14,3.22,-6.77,11.04
Hardware,NTAP,12.25,29.13,42.39,144.96
Hardware,UI,13.28,6.41,18.12,-31.01
Hardware,SMCI,6.58,17.77,56.31,90.1
Hardware,HPQ,5.05,0.91,35.23,71.95
Hardware,NVT,3.57,9.33,4.33,29.3
Hardware,IOT,6.47,-9.78,13.76,51.1
Hardware,ZBRA,2.61,7.98,46.46,72.01
Hardware,IONQ,-6.56,5.81,-9.14,46.16
Hardware,LOGI,1.58,0.14,2.72,8.33
Hardware,TRMB,4.85,1.44,15.57,-8.19
Hardware,VIAV,10.56,34.7,7.72,6.42
Hardware,MOD,10.84,10.56,-14.95,-15.72
Hardware,KTOS,-3.08,-12.17,-15.95,-38.34
Hardware,AVAV,-3.25,-4.65,-9.24,-21.88
Hardware,MBLY,-2.19,-13.96,-22.95,-1.52
Hardware,PI,7.52,8.33,30.38,79.8
Hardware,QBTS,-7.36,-9.35,-26.65,8.4
Hardware,RGTI,-7.98,-4.14,-14.08,1.18
Hardware,EXTR,15.82,11.11,-23.36,37.58
Hardware,CRSR,0.07,6.34,50.0,139.68
Hardware,SSYS,-3.63,5.78,-3.4,-1.79
Hardware,ADTN,11.98,7.63,-41.08,-48.44
Hardware,DDD,-3.67,3.02,15.2,77.6
Hardware,XRX,-7.38,-9.06,11.07,131.54
Hardware,IMMR,-0.14,-3.46,8.04,28.5
Hardware,TBCH,2.1,5.96,4.7,28.67
Healthcare & Biotech,AAPL,1.77,2.55,8.42,29.5
Healthcare & Biotech,AMZN,5.32,0.33,8.38,10.47
Healthcare & Biotech,LLY,0.19,3.31,-1.89,23.35
Healthcare & Biotech,JNJ,-3.53,-6.06,-0.84,6.8
Healthcare & Biotech,ABBV,2.55,5.19,8.03,27.07
Healthcare & Biotech,ORCL,5.14,-9.97,1.51,4.54
Healthcare & Biotech,MRK,-4.13,-5.33,13.8,16.13
Healthcare & Biotech,UNH,0.28,-5.31,-11.97,22.09
Healthcare & Biotech,AZN,-2.64,-1.66,-7.69,-22.76
Healthcare & Biotech,TMO,-2.05,8.79,29.82,32.38
Healthcare & Biotech,AMGN,-2.58,-5.48,12.3,15.56
Healthcare & Biotech,GILD,-2.67,-1.59,8.32,3.14
Healthcare & Biotech,ABT,-1.83,-8.67,4.18,-3.87
Healthcare & Biotech,PFE,-2.74,-2.03,16.16,2.49
Healthcare & Biotech,DHR,-2.4,5.45,14.69,12.78
Healthcare & Biotech,ISRG,1.59,12.7,-0.14,-9.03
Healthcare & Biotech,VRTX,-3.74,-7.98,2.03,13.35
Healthcare & Biotech,BMY,-5.65,-11.21,3.93,-0.15
Healthcare & Biotech,MDT,-1.22,-7.82,4.68,-3.21
Healthcare & Biotech,SYK,-0.31,-9.55,-15.43,-19.68
Healthcare & Biotech,MRNA,5.32,27.9,166.23,280.26
Healthcare & Biotech,REGN,-1.03,-11.66,12.31,-3.81
Healthcare & Biotech,BSX,-4.94,-11.38,-6.62,-32.41
Healthcare & Biotech,NTRA,-4.92,22.12,44.82,94.93
Healthcare & Biotech,EW,-1.58,-4.91,-7.81,8.38
Healthcare & Biotech,BDX,-0.57,-2.84,20.25,15.93
Healthcare & Biotech,VEEV,1.67,1.05,54.12,84.57
Healthcare & Biotech,IQV,-4.39,-3.86,25.72,52.32
Healthcare & Biotech,ILMN,-1.82,23.54,41.73,114.09
Healthcare & Biotech,DXCM,-2.22,-5.05,14.32,27.92
Healthcare & Biotech,RMD,1.5,0.03,9.49,-1.48
Healthcare & Biotech,ALNY,-11.54,-13.21,-40.71,-30.63
Healthcare & Biotech,GEHC,-2.52,-6.26,-0.21,-11.92
Healthcare & Biotech,LH,0.31,-4.89,12.45,14.28
Healthcare & Biotech,DGX,-2.69,-3.53,8.02,14.87
Healthcare & Biotech,GH,-5.3,5.21,9.02,93.24
Healthcare & Biotech,JAZZ,-0.18,-6.02,-6.87,15.77
Healthcare & Biotech,EXEL,-0.78,-0.11,4.32,28.58
Healthcare & Biotech,TEM,-15.24,8.63,23.55,55.3
Healthcare & Biotech,TWST,-17.54,24.33,71.04,218.89
Healthcare & Biotech,TXG,-17.55,21.68,98.54,227.31
Healthcare & Biotech,BIO,-2.57,-3.39,29.44,32.23
Healthcare & Biotech,OSCR,10.64,2.24,8.61,124.34
Healthcare & Biotech,HQY,5.4,-5.29,-0.41,9.52
Healthcare & Biotech,HIMS,1.3,6.53,-18.4,48.07
Healthcare & Biotech,CRSP,-7.43,-6.62,-11.63,1.16
Healthcare & Biotech,WAY,2.96,-1.04,15.77,19.53
Healthcare & Biotech,DOCS,3.67,3.44,30.24,31.29
Healthcare & Biotech,DFTX,-8.67,-7.51,-22.14,59.46
Healthcare & Biotech,LFST,2.19,-5.76,15.55,86.88
Healthcare & Biotech,TNGX,-11.4,-2.89,-28.78,4.65
Healthcare & Biotech,VKTX,-10.41,-15.44,-28.38,-19.04
Healthcare & Biotech,IRTC,-8.31,-13.57,-16.12,-10.72
Healthcare & Biotech,CDNA,-1.3,26.97,126.84,277.71
Healthcare & Biotech,PRVA,2.89,-1.79,-24.68,-10.57
Healthcare & Biotech,BEAM,-0.08,-14.32,-32.41,-6.49
Healthcare & Biotech,NTLA,-2.09,-6.99,-29.42,-15.57
Healthcare & Biotech,OMCL,2.77,2.47,-21.77,-1.04
Healthcare & Biotech,GHRS,-15.49,-24.41,-21.56,36.66
Healthcare & Biotech,CRON,-3.86,0.62,18.25,27.06
Healthcare & Biotech,GDRX,0.31,-7.14,9.43,48.4
Healthcare & Biotech,TNDM,-4.75,-20.96,3.94,-19.63
Healthcare & Biotech,TDOC,-4.3,-12.3,-38.22,5.5
Healthcare & Biotech,PACB,47.83,110.04,80.13,100.0
Healthcare & Biotech,QDEL,15.7,-11.57,-27.2,-12.57
Healthcare & Biotech,SANA,-8.42,-29.53,-31.66,-13.38
Healthcare & Biotech,PHR,5.0,-5.23,0.77,29.79
Healthcare & Biotech,TLRY,-6.19,-17.63,-14.2,-45.0
Healthcare & Biotech,ALT,-11.04,-18.9,-14.47,-21.53
Healthcare & Biotech,EVH,17.28,-2.13,-24.31,70.37
Healthcare & Biotech,CGC,-4.74,-10.5,-8.7,-19.59
Healthcare & Biotech,FATE,-10.42,-9.66,-27.61,67.97
Healthcare & Biotech,AMWL,-4.82,-2.84,45.62,131.93
Healthcare & Biotech,HCAT,0.0,4.76,-20.0,74.26
Healthcare & Biotech,SEER,2.79,14.51,1.38,30.0
Healthcare & Biotech,HELP,-17.24,-11.01,70.62,101.34
Healthy Food & Nutrition,AMZN,5.32,0.33,8.38,10.47
Healthy Food & Nutrition,WMT,1.11,-0.04,-2.77,-15.97
Healthy Food & Nutrition,COST,1.91,1.74,0.78,-8.21
Healthy Food & Nutrition,UBER,-2.07,-10.11,-5.59,-5.35
Healthy Food & Nutrition,DASH,1.88,-13.66,2.5,23.74
Healthy Food & Nutrition,ADM,2.71,-2.78,2.17,15.33
Healthy Food & Nutrition,KR,-2.81,1.53,0.1,-14.71
Healthy Food & Nutrition,KHC,-6.79,-12.06,-11.27,-5.67
Healthy Food & Nutrition,CHD,1.37,-1.22,1.19,0.53
Healthy Food & Nutrition,BG,-2.55,-12.1,-7.63,-14.45
Healthy Food & Nutrition,GIS,-6.01,-18.54,-11.87,-11.99
Healthy Food & Nutrition,CELH,-3.86,-13.72,-10.72,-25.55
Healthy Food & Nutrition,SFM,-0.47,-17.16,-17.81,-13.64
Healthy Food & Nutrition,INGR,-2.38,-6.57,-2.86,-18.2
Healthy Food & Nutrition,ACI,-0.59,-5.32,-15.54,-31.98
Healthy Food & Nutrition,UNFI,-4.32,-0.48,-5.26,-8.0
Healthy Food & Nutrition,HLF,1.52,5.15,1.36,-16.99
Healthy Food & Nutrition,BRBR,-0.77,-24.85,-41.27,-49.45
Healthy Food & Nutrition,SMPL,2.59,-12.79,-34.2,-14.45
Healthy Food & Nutrition,NGVC,-1.96,11.22,-9.55,13.7
Healthy Food & Nutrition,NUS,3.67,2.35,-4.95,-37.42
Healthy Food & Nutrition,NATR,-0.55,-9.42,-39.9,-53.42
Healthy Food & Nutrition,BYND,-7.15,-31.55,-62.75,-57.44
Industrial Automation,NVDA,3.58,2.76,16.14,28.84
Industrial Automation,MSFT,3.55,3.87,41.48,42.03
Industrial Automation,AMZN,5.32,0.33,8.38,10.47
Industrial Automation,CSCO,9.68,7.07,1.83,39.93
Industrial Automation,ORCL,5.14,-9.97,1.51,4.54
Industrial Automation,PANW,3.63,23.03,27.4,141.99
Industrial Automation,GE,-4.49,-8.61,-16.03,-3.02
Industrial Automation,TXN,2.78,12.64,-6.74,33.55
Industrial Automation,ETN,-0.62,7.59,4.81,6.71
Industrial Automation,FTNT,7.75,22.35,23.49,135.07
Industrial Automation,CDNS,10.43,16.4,-3.79,26.85
Industrial Automation,SNPS,19.33,20.22,16.94,25.16
Industrial Automation,EMR,0.61,6.03,15.28,9.32
Industrial Automation,UPS,-1.83,-10.46,-16.73,-9.66
Industrial Automation,FDX,0.8,-10.72,-7.73,-4.93
Industrial Automation,HON,-1.28,0.51,-5.93,-15.99
Industrial Automation,TER,2.28,19.05,8.58,11.0
Industrial Automation,AME,-1.58,6.16,6.17,6.4
Industrial Automation,ADSK,15.73,1.28,17.25,6.1
Industrial Automation,ROK,1.14,3.22,-6.77,11.04
Industrial Automation,ON,7.86,9.68,-15.81,19.34
Industrial Automation,TDY,-0.52,-0.56,-6.48,-7.7
Industrial Automation,SYM,3.0,3.94,2.03,-20.0
Industrial Automation,IOT,6.47,-9.78,13.76,51.1
Industrial Automation,PTC,40.59,31.54,61.44,40.28
Industrial Automation,CRS,0.95,-15.74,-34.6,-9.05
Industrial Automation,ZBRA,2.61,7.98,46.46,72.01
Industrial Automation,MANH,0.94,-7.56,34.22,62.74
Industrial Automation,RRX,5.32,0.97,-23.58,-21.72
Industrial Automation,BSY,13.26,-0.26,14.01,5.49
Industrial Automation,CGNX,2.19,0.41,-7.34,13.07
Industrial Automation,XMTR,2.78,14.15,19.88,162.86
Industrial Automation,ST,0.98,0.28,-6.16,8.22
Industrial Automation,NOVT,1.31,-2.44,-4.96,15.72
Industrial Automation,GXO,2.18,-1.56,-7.78,-18.12
Industrial Automation,OUST,3.92,16.53,-8.08,104.87
Industrial Automation,AMBA,-5.36,3.4,-15.57,21.41
Industrial Automation,DGII,-1.56,7.55,3.41,37.75
Industrial Automation,PRLB,-3.0,16.72,25.5,50.68
Industrial Automation,SSYS,-3.63,5.78,-3.4,-1.79
Industrial Automation,DDD,-3.67,3.02,15.2,77.6
Internet of Things,NVDA,3.58,2.76,16.14,28.84
Internet of Things,GOOGL,1.85,2.35,-1.08,9.53
Internet of Things,MSFT,3.55,3.87,41.48,42.03
Internet of Things,AMZN,5.32,0.33,8.38,10.47
Internet of Things,AMD,5.9,39.8,20.21,170.23
Internet of Things,INTC,-2.67,22.36,-1.52,83.88
Internet of Things,PLTR,3.3,7.84,51.99,51.09
Internet of Things,CSCO,9.68,7.07,1.83,39.93
Internet of Things,ORCL,5.14,-9.97,1.51,4.54
Internet of Things,CAT,-1.77,1.43,-16.54,2.93
Internet of Things,PANW,3.63,23.03,27.4,141.99
Internet of Things,GE,-4.49,-8.61,-16.03,-3.02
Internet of Things,CRWD,0.44,24.91,40.96,168.05
Internet of Things,TXN,2.78,12.64,-6.74,33.55
Internet of Things,SNDK,-2.16,6.71,-7.8,93.65
Internet of Things,IBM,-0.09,-5.49,-22.85,-7.81
Internet of Things,ADI,3.17,13.96,3.66,16.17
Internet of Things,VZ,-0.69,-9.46,8.46,-2.8
Internet of Things,QCOM,-4.2,4.2,-7.97,37.52
Internet of Things,TMUS,3.03,-10.58,-5.67,-15.28
Internet of Things,T,-0.29,-6.25,16.97,-7.71
Internet of Things,FTNT,7.75,22.35,23.49,135.07
Internet of Things,NET,-2.29,21.51,25.84,77.51
Internet of Things,DDOG,0.45,27.88,5.13,148.94
Internet of Things,EMR,0.61,6.03,15.28,9.32
Internet of Things,HON,-1.28,0.51,-5.93,-15.99
Internet of Things,NXPI,-0.53,3.13,-19.54,13.46
Internet of Things,GRMN,-5.02,0.13,13.52,7.29
Internet of Things,ROK,1.14,3.22,-6.77,11.04
Internet of Things,MCHP,-1.33,5.75,-11.83,8.5
Internet of Things,OKTA,5.73,29.47,52.76,218.67
Internet of Things,SMCI,6.58,17.77,56.31,90.1
Internet of Things,IOT,6.47,-9.78,13.76,51.1
Internet of Things,PTC,40.59,31.54,61.44,40.28
Internet of Things,LSCC,3.72,13.0,-5.92,21.05
Internet of Things,SMTC,6.65,39.7,41.64,110.4
Internet of Things,GSAT,1.16,2.05,4.31,14.04
Internet of Things,VSAT,1.96,-1.21,-7.15,26.55
Internet of Things,PI,7.52,8.33,30.38,79.8
Internet of Things,BB,0.57,14.34,-22.53,124.87
Internet of Things,IRDM,0.73,2.61,-5.01,39.37
Internet of Things,TENB,11.29,14.8,1.49,136.14
Internet of Things,DGII,-1.56,7.55,3.41,37.75
Internet of Things,AI,7.46,2.93,27.61,30.43
Nanotechnology,NVDA,3.58,2.76,16.14,28.84
Nanotechnology,TSLA,7.3,4.35,-4.11,9.1
Nanotechnology,AMD,5.9,39.8,20.21,170.23
Nanotechnology,JNJ,-3.53,-6.06,-0.84,6.8
Nanotechnology,INTC,-2.67,22.36,-1.52,83.88
Nanotechnology,AMAT,1.33,15.06,-17.0,29.35
Nanotechnology,LRCX,1.5,8.58,-9.76,25.2
Nanotechnology,MRK,-4.13,-5.33,13.8,16.13
Nanotechnology,PG,-0.73,0.92,0.72,0.64
Nanotechnology,KLAC,0.42,10.64,-17.65,12.63
Nanotechnology,TMO,-2.05,8.79,29.82,32.38
Nanotechnology,ABT,-1.83,-8.67,4.18,-3.87
Nanotechnology,PFE,-2.74,-2.03,16.16,2.49
Nanotechnology,DHR,-2.4,5.45,14.69,12.78
Nanotechnology,BMY,-5.65,-11.21,3.93,-0.15
Nanotechnology,MMM,-4.18,-3.43,3.63,7.21
Nanotechnology,MRNA,5.32,27.9,166.23,280.26
Nanotechnology,ECL,-0.01,0.81,1.57,1.6
Nanotechnology,REGN,-1.03,-11.66,12.31,-3.81
Nanotechnology,CL,0.36,-2.59,-5.61,1.47
Nanotechnology,HON,-1.28,0.51,-5.93,-15.99
Nanotechnology,KEYS,5.36,16.96,16.99,17.75
Nanotechnology,NKE,-3.86,-10.1,-19.51,-21.6
Nanotechnology,A,-3.07,13.51,30.88,46.46
Nanotechnology,EL,-1.09,-6.03,15.96,28.43
Nanotechnology,XYL,-0.44,-5.31,-14.65,-21.36
Nanotechnology,PPG,-1.02,-4.47,-8.63,-5.1
Nanotechnology,FSLR,0.91,-13.5,-22.25,-9.1
Nanotechnology,DD,0.46,0.55,-5.11,-8.55
Nanotechnology,ONTO,-0.16,17.52,-2.94,20.84
Nanotechnology,BRKR,-7.15,0.67,3.32,56.99
Nanotechnology,ENPH,3.46,-7.52,-24.58,6.72
Nanotechnology,VECO,3.26,24.84,-7.0,34.7
Nanotechnology,QS,-3.0,-17.06,-32.34,-28.03
Nanotechnology,PLUG,-8.25,-15.64,-28.94,-36.31
Nanotechnology,LQDA,-62.18,-60.71,-66.88,-33.93
Nanotechnology,SLDP,3.9,-2.44,0.84,-19.73
Nanotechnology,NVEC,-0.04,12.12,19.8,47.13
Nanotechnology,ASPN,10.31,21.43,9.68,52.11
Nanotechnology,ARCT,-7.5,-18.23,75.58,53.8
Nanotechnology,ATOM,1.63,8.98,-37.57,-4.79
Nanotechnology,CLNN,-5.31,0.0,-36.26,-38.65
Quantum Computing,NVDA,3.58,2.76,16.14,28.84
Quantum Computing,GOOGL,1.85,2.35,-1.08,9.53
Quantum Computing,MSFT,3.55,3.87,41.48,42.03
Quantum Computing,AMZN,5.32,0.33,8.38,10.47
Quantum Computing,AMD,5.9,39.8,20.21,170.23
Quantum Computing,INTC,-2.67,22.36,-1.52,83.88
Quantum Computing,IBM,-0.09,-5.49,-22.85,-7.81
Quantum Computing,NET,-2.29,21.51,25.84,77.51
Quantum Computing,HON,-1.28,0.51,-5.93,-15.99
Quantum Computing,KEYS,5.36,16.96,16.99,17.75
Quantum Computing,IONQ,-6.56,5.81,-9.14,46.16
Quantum Computing,QBTS,-7.36,-9.35,-26.65,8.4
Quantum Computing,RGTI,-7.98,-4.14,-14.08,1.18
Quantum Computing,QUBT,-10.77,-3.91,-13.41,9.96
Quantum Computing,LAES,-0.43,-2.9,-17.89,12.23
Quantum Computing,ARQQ,-7.88,8.15,12.47,80.54
Real Estate & REITs,WELL,-5.18,-7.61,-5.37,7.27
Real Estate & REITs,PLD,-4.34,-7.75,-9.73,-8.02
Real Estate & REITs,EQIX,0.83,-0.31,0.15,0.03
Real Estate & REITs,MAR,-1.98,6.67,-4.12,0.62
Real Estate & REITs,AMT,-0.83,-5.79,1.28,-7.96
Real Estate & REITs,HLT,-1.37,2.57,-3.74,-0.76
Real Estate & REITs,DLR,1.62,-3.5,1.39,-4.11
Real Estate & REITs,SPG,-3.33,-6.23,-9.89,-0.9
Real Estate & REITs,O,-3.02,-13.03,-15.79,-15.71
Real Estate & REITs,VTR,-7.85,-12.35,-12.92,-5.79
Real Estate & REITs,IRM,3.35,1.03,-0.22,6.2
Real Estate & REITs,CCI,2.24,-10.11,-9.46,-20.27
Real Estate & REITs,VICI,-2.83,-11.49,-13.26,-19.36
Real Estate & REITs,LVS,-6.87,-18.95,-21.5,-33.92
Real Estate & REITs,SBAC,3.68,-10.25,-5.76,-21.9
Real Estate & REITs,INVH,-3.07,-8.65,-12.93,0.0
Real Estate & REITs,HST,-0.13,1.18,-2.97,11.59
Real Estate & REITs,KIM,-2.93,-7.34,-13.16,-5.41
Real Estate & REITs,SUI,-0.51,-7.09,-7.43,-13.85
Real Estate & REITs,OHI,-6.16,-6.6,-11.54,-4.2
Real Estate & REITs,MAA,-3.69,-10.54,-17.31,-9.26
Real Estate & REITs,DOC,-7.81,-10.89,-14.64,11.67
Real Estate & REITs,REG,-3.16,-6.1,-11.4,-9.46
Real Estate & REITs,ELS,-1.48,-7.22,-9.19,-9.46
Real Estate & REITs,GLPI,-1.61,-10.33,-12.42,-19.01
Real Estate & REITs,AMH,-2.57,-7.78,-9.83,1.45
Real Estate & REITs,EGP,-5.41,-3.57,-9.37,-1.24
Real Estate & REITs,BXP,-3.1,-12.36,-12.35,13.01
Real Estate & REITs,FRT,-4.16,-10.28,-13.2,-2.16
Real Estate & REITs,BRX,-3.9,-7.99,-13.61,-9.17
Real Estate & REITs,RHP,-1.58,-1.93,-4.32,17.77
Real Estate & REITs,ADC,-3.47,-9.93,-16.52,-16.97
Real Estate & REITs,REXR,-2.69,-1.58,6.48,5.06
Real Estate & REITs,ARE,-5.77,-13.19,-5.87,2.77
Real Estate & REITs,NNN,-3.86,-11.33,-15.27,-9.45
Real Estate & REITs,TRNO,-2.16,-3.59,-6.85,-3.52
Real Estate & REITs,STAG,-3.95,-6.02,-9.05,-6.91
Real Estate & REITs,VNO,-0.94,-8.36,-11.73,25.48
Real Estate & REITs,MAC,-3.23,-3.69,-10.63,4.72
Real Estate & REITs,HR,-6.22,-11.99,-18.53,-4.04
Real Estate & REITs,EPRT,-4.26,-15.77,-20.08,-23.21
Real Estate & REITs,PECO,-1.96,-4.76,-11.62,-3.94
Real Estate & REITs,SBRA,-5.64,-9.82,-6.44,-7.91
Real Estate & REITs,KRG,-4.16,-8.55,-16.55,-6.02
Real Estate & REITs,CUZ,-0.33,-4.94,-9.17,23.29
Real Estate & REITs,KRC,1.64,-7.48,-11.85,22.6
Real Estate & REITs,SKT,-2.57,-7.02,-12.6,-3.22
Real Estate & REITs,COLD,-4.94,-2.85,-13.11,13.0
Real Estate & REITs,SLG,-0.12,-10.97,0.25,27.46
Real Estate & REITs,HIW,2.41,-4.46,-6.82,34.22
Real Estate & REITs,PK,-1.75,1.2,9.83,35.35
Real Estate & REITs,UE,-2.92,-8.22,-15.93,-7.25
Real Estate & REITs,FCPT,-4.1,-15.34,-15.78,-16.68
Real Estate & REITs,PEB,-0.16,6.85,4.18,36.57
Real Estate & REITs,MPT,-9.01,-20.05,-28.22,-33.4
Real Estate & REITs,UNIT,-8.52,-22.76,-28.92,-27.47
Real Estate & REITs,UMH,-3.41,-5.41,-1.64,-2.28
Robotics,NVDA,3.58,2.76,16.14,28.84
Robotics,AAPL,1.77,2.55,8.42,29.5
Robotics,GOOGL,1.85,2.35,-1.08,9.53
Robotics,AMZN,5.32,0.33,8.38,10.47
Robotics,TSLA,7.3,4.35,-4.11,9.1
Robotics,JNJ,-3.53,-6.06,-0.84,6.8
Robotics,QCOM,-4.2,4.2,-7.97,37.52
Robotics,ISRG,1.59,12.7,-0.14,-9.03
Robotics,MDT,-1.22,-7.82,4.68,-3.21
Robotics,SYK,-0.31,-9.55,-15.43,-19.68
Robotics,LITE,12.74,28.99,47.13,22.35
Robotics,EMR,0.61,6.03,15.28,9.32
Robotics,HON,-1.28,0.51,-5.93,-15.99
Robotics,TER,2.28,19.05,8.58,11.0
Robotics,ROK,1.14,3.22,-6.77,11.04
Robotics,ON,7.86,9.68,-15.81,19.34
Robotics,TDY,-0.52,-0.56,-6.48,-7.7
Robotics,SYM,3.0,3.94,2.03,-20.0
Robotics,LSCC,3.72,13.0,-5.92,21.05
Robotics,ZBRA,2.61,7.98,46.46,72.01
Robotics,ZBH,-2.57,-9.49,1.56,-5.63
Robotics,AUR,5.15,-8.7,-6.84,41.06
Robotics,CGNX,2.19,0.41,-7.34,13.07
Robotics,GMED,-2.21,-4.51,-4.32,-20.23
Robotics,APTV,1.28,-5.01,-24.87,-26.99
Robotics,PATH,6.09,-19.52,17.96,31.89
Robotics,MBLY,-2.19,-13.96,-22.95,-1.52
Robotics,OUST,3.92,16.53,-8.08,104.87
Robotics,AMBA,-5.36,3.4,-15.57,21.41
Robotics,PRCT,-1.0,-15.48,-9.86,-23.85
Robotics,SERV,-0.43,-3.72,-20.75,-42.82
Robotics,INVZ,-17.88,-1.43,-54.68,-53.66
Robotics,ARAY,-10.87,-4.74,-2.54,-39.36
Semiconductors,NVDA,3.58,2.76,16.14,28.84
Semiconductors,AVGO,5.49,4.67,-6.39,4.31
Semiconductors,MU,1.04,12.01,7.03,158.87
Semiconductors,AMD,5.9,39.8,20.21,170.23
Semiconductors,INTC,-2.67,22.36,-1.52,83.88
Semiconductors,AMAT,1.33,15.06,-17.0,29.35
Semiconductors,LRCX,1.5,8.58,-9.76,25.2
Semiconductors,TXN,2.78,12.64,-6.74,33.55
Semiconductors,KLAC,0.42,10.64,-17.65,12.63
Semiconductors,MRVL,7.57,34.5,15.64,130.21
Semiconductors,SNDK,-2.16,6.71,-7.8,93.65
Semiconductors,ADI,3.17,13.96,3.66,16.17
Semiconductors,QCOM,-4.2,4.2,-7.97,37.52
Semiconductors,STX,-12.32,-1.37,-12.44,60.02
Semiconductors,WDC,-10.55,-10.35,-31.76,17.87
Semiconductors,CDNS,10.43,16.4,-3.79,26.85
Semiconductors,SNPS,19.33,20.22,16.94,25.16
Semiconductors,MPWR,5.33,15.08,1.91,6.5
Semiconductors,KEYS,5.36,16.96,16.99,17.75
Semiconductors,TER,2.28,19.05,8.58,11.0
Semiconductors,NXPI,-0.53,3.13,-19.54,13.46
Semiconductors,MCHP,-1.33,5.75,-11.83,8.5
Semiconductors,ON,7.86,9.68,-15.81,19.34
Semiconductors,GFS,-0.35,7.11,-32.2,-2.55
Semiconductors,SWKS,-4.9,17.36,38.8,46.27
Semiconductors,LSCC,3.72,13.0,-5.92,21.05
Semiconductors,IONQ,-6.56,5.81,-9.14,46.16
Semiconductors,AMKR,-3.97,9.79,-26.82,-6.99
Semiconductors,RMBS,8.11,29.84,-4.34,2.7
Semiconductors,FORM,-1.76,40.31,16.55,14.45
Semiconductors,CAMT,-3.59,7.55,3.26,-14.59
Semiconductors,ACLS,5.0,23.19,-2.36,25.82
Semiconductors,COHU,5.72,50.12,25.3,96.67
Semiconductors,NVTS,-4.12,0.8,-19.63,19.2
Semiconductors,POWI,0.23,0.78,-26.47,-6.78
Semiconductors,PDFS,5.22,19.89,-5.21,38.46
Semiconductors,WOLF,10.85,15.76,-17.45,25.78
Semiconductors,NVEC,-0.04,12.12,19.8,47.13
Semiconductors,MRAM,-8.01,6.69,-4.7,68.43
Smart Home,AAPL,1.77,2.55,8.42,29.5
Smart Home,GOOGL,1.85,2.35,-1.08,9.53
Smart Home,MSFT,3.55,3.87,41.48,42.03
Smart Home,AMZN,5.32,0.33,8.38,10.47
Smart Home,AVGO,5.49,4.67,-6.39,4.31
Smart Home,QCOM,-4.2,4.2,-7.97,37.52
Smart Home,ETN,-0.62,7.59,4.81,6.71
Smart Home,JCI,3.82,9.69,9.62,9.37
Smart Home,CMCSA,-3.57,-21.34,-9.25,-26.32
Smart Home,HON,-1.28,0.51,-5.93,-15.99
Smart Home,CARR,-0.99,-6.14,-18.8,-11.42
Smart Home,UI,13.28,6.41,18.12,-31.01
Smart Home,NRG,11.98,-2.41,-22.55,-33.03
Smart Home,CHTR,-4.54,-29.02,-18.2,-52.39
Smart Home,GNRC,4.15,20.4,-9.07,5.91
Smart Home,ALLE,-5.16,-4.87,9.71,1.05
Smart Home,AEIS,2.54,4.95,-6.66,-22.18
Smart Home,ENPH,3.46,-7.52,-24.58,6.72
Smart Home,ADT,2.77,-15.89,-5.55,-7.76
Smart Home,ITRI,-2.56,-9.98,1.82,-10.42
Smart Home,ALRM,1.41,-3.12,8.86,25.85
Smart Home,REZI,-3.41,-10.09,-21.13,-33.7
Smart Home,SOUN,-4.9,-15.77,-15.72,-14.44
Smart Home,SEDG,3.62,-2.07,-38.44,-21.51
Smart Home,SONO,-4.66,6.06,22.95,30.41
Smart Home,WHR,-6.11,-24.3,-22.18,-48.83
Smart Home,ARLO,-3.55,-11.02,-6.27,-9.13
Smart Home,NTGR,4.15,9.48,4.24,-1.53
Smart Home,STEM,-3.87,-19.46,-35.4,-54.39
Social Media,GOOGL,1.85,2.35,-1.08,9.53
Social Media,MSFT,3.55,3.87,41.48,42.03
Social Media,AMZN,5.32,0.33,8.38,10.47
Social Media,SPCX,12.73,12.79,11.4,11.73
Social Media,META,-1.23,17.79,23.51,13.69
Social Media,APP,-6.08,-9.4,-44.29,-25.19
Social Media,TTWO,0.16,-3.74,-18.93,3.35
Social Media,RBLX,12.62,11.97,-14.64,-15.95
Social Media,RDDT,3.55,-1.95,-20.88,8.27
Social Media,U,13.74,9.6,57.67,107.58
Social Media,PINS,10.02,-1.88,-7.68,12.83
Social Media,SNAP,6.8,2.83,27.27,15.39
Social Media,MTCH,1.54,-3.34,8.35,25.41
Social Media,TTD,0.04,-20.36,-35.01,-41.59
Social Media,MGNI,-1.94,3.27,24.46,110.68
Social Media,DV,0.3,1.12,22.84,38.6
Social Media,DSP,4.58,-4.91,1.83,25.17
Social Media,CRTO,-3.56,-17.73,-33.57,-17.77
Social Media,BMBL,-3.1,-12.28,-15.54,-27.75
Software,AAPL,1.77,2.55,8.42,29.5
Software,GOOGL,1.85,2.35,-1.08,9.53
Software,MSFT,3.55,3.87,41.48,42.03
Software,AMZN,5.32,0.33,8.38,10.47
Software,AVGO,5.49,4.67,-6.39,4.31
Software,WMT,1.11,-0.04,-2.77,-15.97
Software,PLTR,3.3,7.84,51.99,51.09
Software,CSCO,9.68,7.07,1.83,39.93
Software,ORCL,5.14,-9.97,1.51,4.54
Software,PANW,3.63,23.03,27.4,141.99
Software,CRWD,0.44,24.91,40.96,168.05
Software,SHOP,11.67,14.86,41.6,46.92
Software,IBM,-0.09,-5.49,-22.85,-7.81
Software,CRM,-0.37,-14.73,41.83,31.12
Software,NOW,6.26,-3.8,35.13,55.07
Software,FTNT,7.75,22.35,23.49,135.07
Software,NET,-2.29,21.51,25.84,77.51
Software,SNOW,0.56,-5.88,30.12,151.2
Software,CDNS,10.43,16.4,-3.79,26.85
Software,DDOG,0.45,27.88,5.13,148.94
Software,SNPS,19.33,20.22,16.94,25.16
Software,MELI,8.19,-5.68,5.38,3.99
Software,ADBE,-0.4,-15.19,8.71,1.25
Software,INTU,10.48,-12.92,14.05,-17.38
Software,MSTR,-4.67,11.66,63.06,17.93
Software,TEAM,11.0,3.2,140.65,230.89
Software,ADSK,15.73,1.28,17.25,6.1
Software,EBAY,2.86,3.28,-6.62,13.13
Software,VEEV,1.67,1.05,54.12,84.57
Software,XYZ,2.34,-7.81,0.14,21.01
Software,WDAY,-1.44,-10.96,40.23,62.99
Software,TWLO,-6.36,13.98,28.43,119.1
Software,TTWO,0.16,-3.74,-18.93,3.35
Software,OKTA,5.73,29.47,52.76,218.67
Software,ROP,2.92,-14.3,2.77,2.65
Software,ZS,7.39,28.53,51.51,74.1
Software,RBLX,12.62,11.97,-14.64,-15.95
Software,MDB,6.46,-4.05,3.88,57.48
Software,ZM,7.17,-3.37,10.32,12.81
Software,CPNG,6.32,-4.2,-21.35,-25.24
Software,PTC,40.59,31.54,61.44,40.28
Software,U,13.74,9.6,57.67,107.58
Software,TOST,0.16,-8.51,7.01,17.86
Software,DT,3.71,13.56,39.16,76.69
Software,TRMB,4.85,1.44,15.57,-8.19
Software,TYL,5.16,-10.67,9.07,3.42
Software,GWRE,14.41,-2.13,25.18,33.04
Software,CHKP,2.61,-3.52,-2.01,-8.99
Software,DOCU,2.7,0.55,49.04,52.67
Software,FROG,8.05,9.36,6.74,121.21
Software,FIG,4.04,-12.43,4.6,13.31
Software,HUBS,10.55,-10.86,15.93,7.85
Software,BSY,13.26,-0.26,14.01,5.49
Software,ESTC,4.72,-2.14,58.82,106.84
Software,S,7.25,26.61,45.63,96.2
Software,GTLB,11.61,6.23,68.74,165.87
Software,PCOR,9.95,-7.9,29.21,10.26
Software,APPF,-0.42,-9.78,14.26,32.45
Software,QLYS,8.71,12.89,29.75,151.58
Software,ETSY,2.14,-12.49,-7.42,33.48
Software,RNG,3.45,1.58,98.91,107.48
Software,DOCS,3.67,3.44,30.24,31.29
Software,TENB,11.29,14.8,1.49,136.14
Software,FRSH,8.19,4.52,39.46,72.59
Software,BRZE,21.31,-12.52,24.91,40.96
Software,TDC,1.53,2.68,-14.91,15.71
Software,BLKB,7.54,-7.67,61.83,23.74
Software,COUR,3.02,-13.83,-9.56,-8.91
Software,PD,2.74,10.73,57.0,151.97
Space Tech,SPCX,12.73,12.79,11.4,11.73
Space Tech,RTX,-3.28,-10.22,-7.08,-11.12
Space Tech,BA,-1.94,-10.08,-16.41,-14.47
Space Tech,LMT,-2.31,-5.77,-4.46,-19.39
Space Tech,GD,-1.64,-9.67,-12.04,-4.58
Space Tech,NOC,-1.98,-9.91,-11.92,-30.92
Space Tech,LHX,-1.31,-9.98,-20.06,-34.39
Space Tech,RKLB,1.81,11.06,-16.66,6.23
Space Tech,ASTS,1.24,-4.34,-19.5,-34.68
Space Tech,LDOS,-7.74,-13.64,7.6,-26.82
Space Tech,GSAT,1.16,2.05,4.31,14.04
Space Tech,VSAT,1.96,-1.21,-7.15,26.55
Space Tech,KTOS,-3.08,-12.17,-15.95,-38.34
Space Tech,PL,7.77,-9.62,-37.03,-49.11
Space Tech,IRDM,0.73,2.61,-5.01,39.37
Space Tech,FLY,-10.0,-0.05,-17.27,-42.53
Space Tech,LUNR,-1.64,-3.13,-15.24,-34.71
Space Tech,RDW,-5.71,-3.21,-2.94,8.36
Space Tech,BKSY,-1.13,3.46,-17.08,-34.58
Space Tech,TSAT,0.02,4.82,3.02,4.38
Space Tech,SPCE,-2.27,2.03,14.45,0.33
Space Tech,SPIR,-4.41,-10.52,-35.89,-43.61
Space Tech,MNTS,-6.17,-16.07,-42.24,2.94
Telecommunications,GOOGL,1.85,2.35,-1.08,9.53
Telecommunications,MSFT,3.55,3.87,41.48,42.03
Telecommunications,AMZN,5.32,0.33,8.38,10.47
Telecommunications,SPCX,12.73,12.79,11.4,11.73
Telecommunications,AVGO,5.49,4.67,-6.39,4.31
Telecommunications,INTC,-2.67,22.36,-1.52,83.88
Telecommunications,CSCO,9.68,7.07,1.83,39.93
Telecommunications,ANET,5.67,11.93,15.42,46.29
Telecommunications,MRVL,7.57,34.5,15.64,130.21
Telecommunications,ADI,3.17,13.96,3.66,16.17
Telecommunications,VZ,-0.69,-9.46,8.46,-2.8
Telecommunications,QCOM,-4.2,4.2,-7.97,37.52
Telecommunications,TMUS,3.03,-10.58,-5.67,-15.28
Telecommunications,T,-0.29,-6.25,16.97,-7.71
Telecommunications,GLW,3.0,9.9,-19.08,-5.42
Telecommunications,NET,-2.29,21.51,25.84,77.51
Telecommunications,EQIX,0.83,-0.31,0.15,0.03
Telecommunications,AMT,-0.83,-5.79,1.28,-7.96
Telecommunications,CMCSA,-3.57,-21.34,-9.25,-26.32
Telecommunications,MSI,0.51,-4.73,6.14,1.6
Telecommunications,CIEN,25.79,38.79,-3.07,-10.37
Telecommunications,TWLO,-6.36,13.98,28.43,119.1
Telecommunications,CCI,2.24,-10.11,-9.46,-20.27
Telecommunications,ZM,7.17,-3.37,10.32,12.81
Telecommunications,ASTS,1.24,-4.34,-19.5,-34.68
Telecommunications,SWKS,-4.9,17.36,38.8,46.27
Telecommunications,CHTR,-4.54,-29.02,-18.2,-52.39
Telecommunications,SBAC,3.68,-10.25,-5.76,-21.9
Telecommunications,AKAM,-3.89,-0.37,-16.51,-4.59
Telecommunications,GSAT,1.16,2.05,4.31,14.04
Telecommunications,VSAT,1.96,-1.21,-7.15,26.55
Telecommunications,RNG,3.45,1.58,98.91,107.48
Telecommunications,IRDM,0.73,2.61,-5.01,39.37
Telecommunications,FSLY,-0.47,21.19,30.51,-15.79
Telecommunications,VISN,0.75,-4.41,-51.79,-68.0
Telecommunications,TSAT,0.02,4.82,3.02,4.38
Telecommunications,EGHT,-2.73,11.46,5.42,22.99
Telecommunications,CXDO,1.36,0.85,-22.22,-3.57
Transportation & Logistics,NVDA,3.58,2.76,16.14,28.84
Transportation & Logistics,GOOGL,1.85,2.35,-1.08,9.53
Transportation & Logistics,TSLA,7.3,4.35,-4.11,9.1
Transportation & Logistics,CAT,-1.77,1.43,-16.54,2.93
Transportation & Logistics,GE,-4.49,-8.61,-16.03,-3.02
Transportation & Logistics,DE,-2.7,-5.08,8.96,6.21
Transportation & Logistics,UNP,-0.15,-4.33,-2.6,9.43
Transportation & Logistics,UBER,-2.07,-10.11,-5.59,-5.35
Transportation & Logistics,CSX,-0.36,-4.29,-4.16,10.12
Transportation & Logistics,UPS,-1.83,-10.46,-16.73,-9.66
Transportation & Logistics,CP,-3.83,-7.85,-6.83,2.94
Transportation & Logistics,CMI,-1.15,-6.52,-24.6,-16.06
Transportation & Logistics,GM,0.41,-6.27,6.05,5.03
Transportation & Logistics,NSC,0.15,-3.87,-2.4,6.15
Transportation & Logistics,CNI,-4.26,-5.5,-5.89,4.73
Transportation & Logistics,FDX,0.8,-10.72,-7.73,-4.93
Transportation & Logistics,PCAR,-4.22,-14.7,-12.81,-16.12
Transportation & Logistics,DAL,-2.22,5.19,-5.71,21.75
Transportation & Logistics,WAB,-2.94,0.57,7.77,3.8
Transportation & Logistics,ODFL,-1.89,-5.71,-20.12,-16.18
Transportation & Logistics,UAL,-2.12,0.94,-13.71,12.08
Transportation & Logistics,EXPD,1.36,2.4,15.71,31.78
Transportation & Logistics,XPO,1.61,-1.81,-10.89,-15.02
Transportation & Logistics,JBHT,-3.16,-16.2,-20.06,-1.16
Transportation & Logistics,RIVN,-5.03,-9.07,-13.26,-6.7
Transportation & Logistics,LUV,-0.96,7.66,-15.72,2.78
Transportation & Logistics,CHRW,-10.91,-6.97,-29.15,-20.36
Transportation & Logistics,TRMB,4.85,1.44,15.57,-8.19
Transportation & Logistics,TXT,-6.32,-7.44,-18.82,-20.2
Transportation & Logistics,MANH,0.94,-7.56,34.22,62.74
Transportation & Logistics,AUR,5.15,-8.7,-6.84,41.06
Transportation & Logistics,KNX,-1.61,-8.16,-16.4,3.57
Transportation & Logistics,TFII,-7.42,-15.13,-23.73,-9.5
Transportation & Logistics,APTV,1.28,-5.01,-24.87,-26.99
Transportation & Logistics,SAIA,-1.28,-2.78,-20.59,-16.82
Transportation & Logistics,R,0.26,-5.55,-13.4,4.21
Transportation & Logistics,AAL,-5.31,-0.85,-22.68,12.23
Transportation & Logistics,OSK,-2.42,-17.35,-9.12,-17.82
Transportation & Logistics,KEX,3.81,-3.66,-2.96,-2.74
Transportation & Logistics,MATX,-1.52,0.14,8.36,29.14
Transportation & Logistics,MBLY,-2.19,-13.96,-22.95,-1.52
Transportation & Logistics,LYFT,2.56,-9.93,3.65,16.68
Transportation & Logistics,JOBY,-5.12,-16.55,-27.58,-31.14
Transportation & Logistics,LSTR,-1.01,-3.79,-18.83,-2.65
Transportation & Logistics,SNDR,-2.47,-7.99,-14.2,10.45
Transportation & Logistics,GXO,2.18,-1.56,-7.78,-18.12
Transportation & Logistics,ALK,0.05,-4.21,-17.52,-1.32
Transportation & Logistics,COLD,-4.94,-2.85,-13.11,13.0
Transportation & Logistics,ZIM,2.95,7.84,21.91,14.47
Transportation & Logistics,ACHR,-8.7,-18.5,-3.51,-13.2
Transportation & Logistics,SBLK,0.0,-8.65,12.72,22.08
Transportation & Logistics,DAC,5.58,6.7,29.13,40.92
Transportation & Logistics,ARCB,-2.16,-6.72,-14.29,16.65
Transportation & Logistics,ALGT,-2.03,0.71,-31.14,-12.39
Transportation & Logistics,WERN,-5.82,-15.74,-25.64,1.79
Transportation & Logistics,GSL,0.25,-3.25,12.33,16.88
Transportation & Logistics,HUBG,-13.71,-27.78,-42.5,-32.24
Transportation & Logistics,LCID,-5.81,-15.25,-32.93,-55.85
Transportation & Logistics,GNK,2.92,-0.59,9.54,17.11
Transportation & Logistics,WNC,7.28,-3.25,9.77,47.9
Transportation & Logistics,FWRD,0.85,-5.18,24.96,-18.76
Transportation & Logistics,SERV,-0.43,-3.72,-20.75,-42.82
Transportation & Logistics,CLNE,-3.77,-5.56,-31.7,-33.48
Virtual & Augmented Reality,NVDA,3.58,2.76,16.14,28.84
Virtual & Augmented Reality,AAPL,1.77,2.55,8.42,29.5
Virtual & Augmented Reality,GOOGL,1.85,2.35,-1.08,9.53
Virtual & Augmented Reality,MSFT,3.55,3.87,41.48,42.03
Virtual & Augmented Reality,AMZN,5.32,0.33,8.38,10.47
Virtual & Augmented Reality,META,-1.23,17.79,23.51,13.69
Virtual & Augmented Reality,AMD,5.9,39.8,20.21,170.23
Virtual & Augmented Reality,QCOM,-4.2,4.2,-7.97,37.52
Virtual & Augmented Reality,LITE,12.74,28.99,47.13,22.35
Virtual & Augmented Reality,ADBE,-0.4,-15.19,8.71,1.25
Virtual & Augmented Reality,COHR,13.54,24.05,-0.17,13.05
Virtual & Augmented Reality,ADSK,15.73,1.28,17.25,6.1
Virtual & Augmented Reality,TTWO,0.16,-3.74,-18.93,3.35
Virtual & Augmented Reality,RBLX,12.62,11.97,-14.64,-15.95
Virtual & Augmented Reality,AXON,-3.81,-23.57,-30.25,13.96
Virtual & Augmented Reality,HPQ,5.05,0.91,35.23,71.95
Virtual & Augmented Reality,PTC,40.59,31.54,61.44,40.28
Virtual & Augmented Reality,U,13.74,9.6,57.67,107.58
Virtual & Augmented Reality,TRMB,4.85,1.44,15.57,-8.19
Virtual & Augmented Reality,SNAP,6.8,2.83,27.27,15.39
Virtual & Augmented Reality,FSLY,-0.47,21.19,30.51,-15.79
Virtual & Augmented Reality,KOPN,-4.39,6.28,12.56,70.52
Virtual & Augmented Reality,VUZI,-3.24,9.35,10.7,12.08
Wearables,AAPL,1.77,2.55,8.42,29.5
Wearables,GOOGL,1.85,2.35,-1.08,9.53
Wearables,META,-1.23,17.79,23.51,13.69
Wearables,AVGO,5.49,4.67,-6.39,4.31
Wearables,TXN,2.78,12.64,-6.74,33.55
Wearables,ADI,3.17,13.96,3.66,16.17
Wearables,QCOM,-4.2,4.2,-7.97,37.52
Wearables,ABT,-1.83,-8.67,4.18,-3.87
Wearables,MDT,-1.22,-7.82,4.68,-3.21
Wearables,NXPI,-0.53,3.13,-19.54,13.46
Wearables,GRMN,-5.02,0.13,13.52,7.29
Wearables,NKE,-3.86,-10.1,-19.51,-21.6
Wearables,MCHP,-1.33,5.75,-11.83,8.5
Wearables,ON,7.86,9.68,-15.81,19.34
Wearables,DXCM,-2.22,-5.05,14.32,27.92
Wearables,GEHC,-2.52,-6.26,-0.21,-11.92
Wearables,LULU,-5.17,-6.39,-18.69,-44.91
Wearables,SYNA,17.79,20.9,-6.9,59.15
Wearables,IRTC,-8.31,-13.57,-16.12,-10.72
Wearables,PTON,-3.19,-8.83,-16.38,2.75
Wearables,UAA,12.62,-6.23,-25.16,-23.49
