scope,window,industry,members,median_pct,mean_pct
all,1m,Oil Refining/Marketing,12,7.97,9.62
all,1m,Specialty Telecommunications,8,4.94,8.72
all,1m,Computer Peripherals,21,3.15,0.86
all,1m,Electronics/Appliance Stores,4,2.41,9.87
all,1m,Data Processing Services,54,1.92,3.94
all,1m,Semiconductors,88,1.91,2.7
all,1m,Steel,15,0.37,-2.41
all,1m,Tobacco,3,0.33,-9.03
all,1m,Textiles,5,0.29,-2.33
all,1m,Financial Conglomerates,363,0.19,1.38
all,1m,Marine Shipping,68,-0.08,-1.8
all,1m,Oil & Gas Production,39,-0.43,-0.68
all,1m,Medical Distributors,8,-0.53,23.07
all,1m,Department Stores,4,-0.57,1.21
all,1m,Chemicals: Major Diversified,12,-0.85,-0.14
all,1m,Electronic Production Equipment,29,-0.94,-2.64
all,1m,Electronic Components,24,-0.96,-3.28
all,1m,Integrated Oil,42,-1.12,-1.81
all,1m,Life/Health Insurance,27,-1.15,-1.59
all,1m,Metal Fabrication,17,-1.28,3.11
all,1m,Oil & Gas Pipelines,32,-1.35,-1.29
all,1m,Electronics Distributors,10,-1.39,-9.8
all,1m,Office Equipment/Supplies,4,-1.56,-1.9
all,1m,Food Retail,15,-1.57,-5.2
all,1m,Computer Processing Hardware,18,-1.6,-5.81
all,1m,Savings Banks,39,-1.84,-1.95
all,1m,Electronics/Appliances,20,-2.35,2.89
all,1m,Regional Banks,256,-2.53,-2.66
all,1m,Telecommunications Equipment,32,-2.56,-2.43
all,1m,Information Technology Services,88,-2.67,-1.25
all,1m,Major Telecommunications,15,-2.68,-3.21
all,1m,Wholesale Distributors,72,-2.92,-3.64
all,1m,Investment Trusts/Mutual Funds,103,-3.25,-3.41
all,1m,Major Banks,134,-3.3,-3.63
all,1m,Medical/Nursing Services,56,-3.47,-5.79
all,1m,Wireless Telecommunications,16,-3.53,-4.61
all,1m,Trucks/Construction/Farm Machinery,31,-3.67,1.17
all,1m,Property/Casualty Insurance,48,-3.72,-3.45
all,1m,Oilfield Services/Equipment,33,-3.99,-2.8
all,1m,Contract Drilling,11,-4.05,-2.0
all,1m,Finance/Rental/Leasing,127,-4.11,-5.08
all,1m,Medical Specialties,207,-4.11,-2.74
all,1m,Electronic Equipment/Instruments,42,-4.14,2.41
all,1m,Miscellaneous,4,-4.19,2.18
all,1m,Airlines,19,-4.35,-3.55
all,1m,Multi-Line Insurance,52,-4.49,-7.2
all,1m,Packaged Software,355,-4.53,-3.45
all,1m,Personnel Services,23,-4.94,-8.87
all,1m,Hospital/Nursing Management,12,-5.09,-5.69
all,1m,Miscellaneous Commercial Services,153,-5.24,-3.44
all,1m,Managed Health Care,8,-5.26,-9.52
all,1m,Air Freight/Couriers,28,-5.35,-1.97
all,1m,Investment Banks/Brokers,55,-5.38,-5.14
all,1m,Industrial Machinery,98,-5.6,-7.0
all,1m,Alternative Power Generation,12,-5.71,-8.38
all,1m,Gas Distributors,21,-5.76,-8.4
all,1m,Movies/Entertainment,43,-5.93,-6.85
all,1m,Pharmaceuticals: Other,25,-6.07,-4.7
all,1m,Investment Managers,85,-6.17,-6.78
all,1m,Agricultural Commodities/Milling,31,-6.2,-7.12
all,1m,Real Estate Investment Trusts,340,-6.26,-7.18
all,1m,Food Distributors,11,-6.4,-15.08
all,1m,Industrial Conglomerates,3,-6.52,-2.85
all,1m,Chemicals: Specialty,56,-6.77,-7.51
all,1m,Tools & Hardware,5,-6.8,-5.78
all,1m,Publishing: Books/Magazines,5,-6.94,-5.65
all,1m,Publishing: Newspapers,7,-6.94,-10.4
all,1m,Water Utilities,11,-7.08,-7.66
all,1m,Aerospace & Defense,78,-7.13,-7.58
all,1m,Electric Utilities,73,-7.15,-7.42
all,1m,Services to the Health Industry,3,-7.16,-6.6
all,1m,Apparel/Footwear,34,-7.18,-5.37
all,1m,Specialty Stores,67,-7.18,-8.6
all,1m,Apparel/Footwear Retail,30,-7.2,-6.86
all,1m,Environmental Services,16,-7.27,-7.47
all,1m,Household/Personal Care,23,-7.35,-11.36
all,1m,Food: Specialty/Candy,39,-7.37,-7.58
all,1m,Home Furnishings,18,-7.37,-7.66
all,1m,Industrial Specialties,18,-7.42,-4.53
all,1m,Electrical Products,73,-7.65,-6.33
all,1m,Homebuilding,24,-7.92,-7.42
all,1m,Precious Metals,70,-8.05,-7.86
all,1m,Broadcasting,15,-8.14,-8.33
all,1m,Railroads,6,-8.25,-7.08
all,1m,Internet Software/Services,84,-8.29,-7.48
all,1m,Engineering & Construction,65,-8.37,-10.28
all,1m,Cable/Satellite TV,8,-8.51,-10.32
all,1m,Real Estate Development,52,-8.63,-10.78
all,1m,Chemicals: Agricultural,17,-8.64,-10.02
all,1m,Pulp & Paper,5,-8.68,-10.21
all,1m,Building Products,24,-8.99,-11.47
all,1m,Specialty Insurance,12,-9.03,-7.08
all,1m,Pharmaceuticals: Major,310,-9.11,-7.83
all,1m,Financial Publishing/Services,8,-9.16,-12.73
all,1m,Miscellaneous Manufacturing,12,-9.55,-9.23
all,1m,Forest Products,5,-9.6,-11.96
all,1m,Hotels/Resorts/Cruise lines,19,-9.62,-6.26
all,1m,Commercial Printing/Forms,11,-9.92,-8.42
all,1m,Motor Vehicles,31,-9.98,-18.36
all,1m,Auto Parts: OEM,33,-10.12,-10.52
all,1m,Trucking,21,-10.29,-11.96
all,1m,Automotive Aftermarket,5,-10.4,-9.48
all,1m,Recreational Products,24,-10.52,-6.39
all,1m,Other Consumer Services,35,-10.63,-10.69
all,1m,Internet Retail,28,-10.83,-8.72
all,1m,Consumer Sundries,4,-11.0,-10.8
all,1m,Beverages: Non-Alcoholic,14,-11.22,-14.82
all,1m,Advertising/Marketing Services,34,-11.45,-11.42
all,1m,Computer Communications,11,-11.55,-2.78
all,1m,Aluminum,5,-11.88,-9.47
all,1m,Coal,10,-11.9,-13.68
all,1m,Containers/Packaging,20,-12.2,-11.33
all,1m,Other Transportation,13,-12.8,-13.4
all,1m,Biotechnology,283,-12.97,-11.95
all,1m,Discount Stores,3,-13.24,-10.53
all,1m,Beverages: Alcoholic,10,-13.39,-22.13
all,1m,Other Metals/Minerals,68,-13.55,-15.01
all,1m,Food: Major Diversified,8,-13.6,-17.02
all,1m,Home Improvement Chains,5,-13.91,-12.24
all,1m,Construction Materials,16,-14.0,-13.16
all,1m,Restaurants,49,-15.37,-14.57
all,1m,Insurance Brokers/Services,18,-15.91,-16.76
all,1m,Casinos/Gaming,14,-16.46,-11.05
all,1m,Food: Meat/Fish/Dairy,8,-16.81,-19.27
all,1w,Computer Processing Hardware,18,5.11,4.93
all,1w,Industrial Conglomerates,3,4.88,6.28
all,1w,Semiconductors,88,4.62,4.91
all,1w,Computer Communications,11,3.29,6.31
all,1w,Electronic Components,24,2.41,3.67
all,1w,Airlines,19,2.38,4.82
all,1w,Data Processing Services,54,1.96,4.42
all,1w,Department Stores,4,1.81,3.88
all,1w,Electronics/Appliance Stores,4,1.74,1.89
all,1w,Electronics Distributors,10,1.55,2.59
all,1w,Computer Peripherals,21,1.31,4.26
all,1w,Apparel/Footwear Retail,30,1.25,-0.66
all,1w,Electronic Production Equipment,29,1.0,0.93
all,1w,Electronics/Appliances,20,0.66,3.1
all,1w,Aerospace & Defense,78,0.21,0.84
all,1w,Telecommunications Equipment,32,0.17,0.19
all,1w,Electronic Equipment/Instruments,42,0.0,2.79
all,1w,Financial Conglomerates,363,0.0,2.4
all,1w,Pharmaceuticals: Other,25,-0.08,0.4
all,1w,Apparel/Footwear,34,-0.18,0.27
all,1w,Home Furnishings,18,-0.18,7.31
all,1w,Office Equipment/Supplies,4,-0.4,-0.51
all,1w,Industrial Machinery,98,-0.45,-0.43
all,1w,Wholesale Distributors,72,-0.47,-1.04
all,1w,Textiles,5,-0.67,0.08
all,1w,Electrical Products,73,-0.73,-1.12
all,1w,Oil & Gas Pipelines,32,-0.79,-1.08
all,1w,Homebuilding,24,-0.81,-0.74
all,1w,Miscellaneous,4,-0.9,-3.66
all,1w,Publishing: Books/Magazines,5,-0.96,-1.21
all,1w,Medical Specialties,207,-0.97,0.2
all,1w,Information Technology Services,88,-1.01,0.76
all,1w,Food Distributors,11,-1.06,-4.17
all,1w,Internet Retail,28,-1.07,-2.5
all,1w,Trucks/Construction/Farm Machinery,31,-1.07,0.19
all,1w,Packaged Software,355,-1.08,0.64
all,1w,Metal Fabrication,17,-1.09,-1.19
all,1w,Life/Health Insurance,27,-1.11,-0.9
all,1w,Miscellaneous Commercial Services,153,-1.16,2.98
all,1w,Discount Stores,3,-1.23,-2.78
all,1w,Investment Managers,85,-1.24,0.67
all,1w,Household/Personal Care,23,-1.29,-1.89
all,1w,Oil & Gas Production,39,-1.29,-2.24
all,1w,Railroads,6,-1.37,-1.36
all,1w,Tobacco,3,-1.37,-5.99
all,1w,Investment Trusts/Mutual Funds,103,-1.41,-1.47
all,1w,Chemicals: Major Diversified,12,-1.42,-1.73
all,1w,Chemicals: Specialty,56,-1.42,-1.9
all,1w,Containers/Packaging,20,-1.42,-1.78
all,1w,Industrial Specialties,18,-1.44,-1.27
all,1w,Internet Software/Services,84,-1.57,-0.69
all,1w,Real Estate Investment Trusts,340,-1.63,-2.05
all,1w,Restaurants,49,-1.64,-0.39
all,1w,Tools & Hardware,5,-1.64,-1.97
all,1w,Recreational Products,24,-1.74,2.31
all,1w,Movies/Entertainment,43,-1.89,-0.48
all,1w,Advertising/Marketing Services,34,-1.94,1.32
all,1w,Other Metals/Minerals,68,-1.94,-2.41
all,1w,Specialty Stores,67,-1.94,-2.71
all,1w,Finance/Rental/Leasing,126,-2.03,-2.7
all,1w,Savings Banks,39,-2.03,-1.71
all,1w,Financial Publishing/Services,8,-2.08,-4.53
all,1w,Personnel Services,23,-2.08,-2.45
all,1w,Specialty Telecommunications,8,-2.09,9.08
all,1w,Major Banks,134,-2.12,-2.29
all,1w,Regional Banks,256,-2.22,-2.03
all,1w,Investment Banks/Brokers,55,-2.28,-1.58
all,1w,Medical Distributors,8,-2.28,-3.1
all,1w,Integrated Oil,42,-2.38,-2.34
all,1w,Alternative Power Generation,12,-2.44,-2.34
all,1w,Food: Specialty/Candy,39,-2.46,-3.0
all,1w,Pharmaceuticals: Major,310,-2.47,-2.09
all,1w,Precious Metals,70,-2.53,-1.33
all,1w,Contract Drilling,11,-2.6,-0.97
all,1w,Pulp & Paper,5,-2.78,-5.23
all,1w,Other Consumer Services,35,-2.85,-3.25
all,1w,Hotels/Resorts/Cruise lines,19,-2.92,0.47
all,1w,Real Estate Development,52,-3.03,-3.79
all,1w,Beverages: Alcoholic,10,-3.12,0.07
all,1w,Miscellaneous Manufacturing,12,-3.12,-2.84
all,1w,Commercial Printing/Forms,11,-3.16,-1.61
all,1w,Oilfield Services/Equipment,33,-3.2,-2.29
all,1w,Property/Casualty Insurance,48,-3.23,-2.88
all,1w,Building Products,24,-3.25,-1.55
all,1w,Automotive Aftermarket,5,-3.27,-3.3
all,1w,Electric Utilities,73,-3.28,-1.88
all,1w,Agricultural Commodities/Milling,31,-3.33,0.16
all,1w,Consumer Sundries,4,-3.37,-2.99
all,1w,Hospital/Nursing Management,12,-3.38,-3.61
all,1w,Food Retail,15,-3.44,-6.59
all,1w,Medical/Nursing Services,56,-3.46,-4.26
all,1w,Steel,15,-3.47,-3.06
all,1w,Major Telecommunications,15,-3.54,-5.0
all,1w,Multi-Line Insurance,52,-3.63,-4.36
all,1w,Broadcasting,15,-3.65,-4.21
all,1w,Engineering & Construction,65,-3.67,-1.94
all,1w,Gas Distributors,21,-3.69,-5.73
all,1w,Forest Products,5,-3.73,-5.48
all,1w,Motor Vehicles,31,-3.76,-8.27
all,1w,Wireless Telecommunications,16,-4.11,-4.16
all,1w,Oil Refining/Marketing,12,-4.13,-4.98
all,1w,Air Freight/Couriers,28,-4.16,4.49
all,1w,Biotechnology,283,-4.36,-2.76
all,1w,Other Transportation,13,-4.41,-4.53
all,1w,Marine Shipping,68,-4.52,-4.88
all,1w,Auto Parts: OEM,33,-4.54,-7.16
all,1w,Construction Materials,16,-4.58,-0.16
all,1w,Water Utilities,11,-4.76,-4.77
all,1w,Home Improvement Chains,5,-4.83,-2.02
all,1w,Managed Health Care,8,-5.12,-5.84
all,1w,Environmental Services,16,-5.16,-5.84
all,1w,Specialty Insurance,12,-5.26,-5.94
all,1w,Trucking,21,-5.47,-6.14
all,1w,Chemicals: Agricultural,17,-5.5,-6.27
all,1w,Food: Major Diversified,8,-5.54,-7.46
all,1w,Food: Meat/Fish/Dairy,8,-5.54,-5.62
all,1w,Beverages: Non-Alcoholic,14,-5.71,-7.57
all,1w,Publishing: Newspapers,7,-5.85,-6.12
all,1w,Coal,10,-6.08,-6.29
all,1w,Casinos/Gaming,14,-6.19,-5.69
all,1w,Aluminum,5,-6.32,-5.14
all,1w,Insurance Brokers/Services,18,-6.73,-6.74
all,1w,Cable/Satellite TV,8,-7.59,-6.32
all,1w,Services to the Health Industry,3,-8.99,-7.66
all,3m,Oil Refining/Marketing,12,50.34,41.42
all,3m,Miscellaneous,4,16.21,22.54
all,3m,Precious Metals,70,15.9,15.88
all,3m,Marine Shipping,68,13.15,10.77
all,3m,Integrated Oil,42,12.39,8.55
all,3m,Oil & Gas Production,39,11.35,13.96
all,3m,Medical Distributors,8,7.18,6.82
all,3m,Contract Drilling,11,7.04,9.06
all,3m,Information Technology Services,88,6.69,9.66
all,3m,Medical/Nursing Services,56,6.64,1.69
all,3m,Hospital/Nursing Management,12,6.0,-0.79
all,3m,Electronics/Appliances,20,5.38,10.1
all,3m,Office Equipment/Supplies,4,5.33,7.4
all,3m,Financial Publishing/Services,8,4.03,6.88
all,3m,Commercial Printing/Forms,11,3.8,-16.59
all,3m,Discount Stores,3,3.53,5.29
all,3m,Computer Communications,11,3.48,3.83
all,3m,Publishing: Books/Magazines,5,3.23,-3.05
all,3m,Coal,10,3.17,-5.91
all,3m,Personnel Services,23,2.93,2.42
all,3m,Broadcasting,15,2.74,2.92
all,3m,Property/Casualty Insurance,48,2.38,6.01
all,3m,Savings Banks,39,2.27,3.55
all,3m,Department Stores,4,2.21,2.62
all,3m,Insurance Brokers/Services,18,1.91,-3.2
all,3m,Packaged Software,355,1.85,4.19
all,3m,Cable/Satellite TV,8,1.3,-3.07
all,3m,Financial Conglomerates,363,0.78,2.75
all,3m,Oil & Gas Pipelines,32,0.66,2.58
all,3m,Medical Specialties,207,0.41,4.44
all,3m,Railroads,6,0.31,0.13
all,3m,Water Utilities,11,0.24,0.75
all,3m,Industrial Conglomerates,3,0.22,-2.44
all,3m,Services to the Health Industry,3,-0.1,-2.02
all,3m,Investment Managers,85,-0.37,1.19
all,3m,Internet Software/Services,84,-0.56,-1.43
all,3m,Regional Banks,256,-0.56,-0.14
all,3m,Wholesale Distributors,72,-0.6,-2.4
all,3m,Investment Trusts/Mutual Funds,103,-0.98,-1.13
all,3m,Tools & Hardware,5,-1.09,-0.44
all,3m,Miscellaneous Commercial Services,153,-1.22,5.86
all,3m,Environmental Services,16,-1.52,-0.09
all,3m,Food: Specialty/Candy,39,-1.62,-4.03
all,3m,Investment Banks/Brokers,55,-1.78,1.49
all,3m,Oilfield Services/Equipment,33,-2.18,-2.46
all,3m,Metal Fabrication,17,-2.38,20.51
all,3m,Life/Health Insurance,27,-2.55,-1.52
all,3m,Finance/Rental/Leasing,127,-2.81,-5.07
all,3m,Wireless Telecommunications,16,-2.82,-4.24
all,3m,Major Banks,134,-2.99,-2.76
all,3m,Multi-Line Insurance,52,-3.0,-5.65
all,3m,Computer Processing Hardware,18,-3.04,0.14
all,3m,Computer Peripherals,21,-3.14,2.86
all,3m,Agricultural Commodities/Milling,31,-4.12,-7.47
all,3m,Chemicals: Agricultural,17,-4.32,-7.97
all,3m,Textiles,5,-4.51,0.59
all,3m,Data Processing Services,54,-4.96,-2.52
all,3m,Recreational Products,24,-5.1,0.41
all,3m,Electronics/Appliance Stores,4,-5.16,-5.0
all,3m,Specialty Telecommunications,8,-5.18,-6.8
all,3m,Steel,15,-5.49,-4.94
all,3m,Food: Major Diversified,8,-5.72,-13.37
all,3m,Managed Health Care,8,-5.74,-11.46
all,3m,Food Retail,15,-5.76,-8.49
all,3m,Specialty Stores,67,-5.96,-8.87
all,3m,Containers/Packaging,20,-5.99,-8.63
all,3m,Tobacco,3,-6.27,-9.38
all,3m,Real Estate Investment Trusts,340,-6.3,-7.8
all,3m,Real Estate Development,52,-6.63,-9.78
all,3m,Pharmaceuticals: Major,310,-6.8,-5.05
all,3m,Specialty Insurance,12,-6.86,-4.3
all,3m,Food Distributors,11,-7.33,-17.02
all,3m,Household/Personal Care,23,-7.38,-10.57
all,3m,Biotechnology,283,-7.41,-2.38
all,3m,Beverages: Alcoholic,10,-7.46,-3.01
all,3m,Other Metals/Minerals,68,-7.46,-7.37
all,3m,Telecommunications Equipment,32,-7.79,-4.67
all,3m,Internet Retail,28,-7.91,-10.52
all,3m,Other Transportation,13,-8.29,0.41
all,3m,Major Telecommunications,15,-8.35,-5.89
all,3m,Pulp & Paper,5,-8.38,-9.98
all,3m,Publishing: Newspapers,7,-8.4,-6.8
all,3m,Aerospace & Defense,78,-8.54,-8.66
all,3m,Industrial Specialties,18,-8.62,-1.54
all,3m,Automotive Aftermarket,5,-8.76,-11.32
all,3m,Restaurants,49,-8.87,-8.07
all,3m,Gas Distributors,21,-9.27,-11.96
all,3m,Movies/Entertainment,43,-9.9,-5.08
all,3m,Hotels/Resorts/Cruise lines,19,-10.0,-9.98
all,3m,Motor Vehicles,31,-10.07,-19.47
all,3m,Chemicals: Major Diversified,12,-10.14,-10.25
all,3m,Air Freight/Couriers,28,-10.29,-4.04
all,3m,Electronics Distributors,10,-10.3,-16.15
all,3m,Apparel/Footwear Retail,30,-10.34,-5.87
all,3m,Home Furnishings,18,-10.35,-13.76
all,3m,Chemicals: Specialty,56,-10.44,-10.24
all,3m,Other Consumer Services,35,-10.48,-10.18
all,3m,Electronic Equipment/Instruments,42,-10.55,3.84
all,3m,Beverages: Non-Alcoholic,14,-10.86,-18.77
all,3m,Trucks/Construction/Farm Machinery,31,-11.02,-2.36
all,3m,Pharmaceuticals: Other,25,-11.31,-7.49
all,3m,Miscellaneous Manufacturing,12,-11.37,-8.79
all,3m,Electric Utilities,73,-11.84,-13.14
all,3m,Apparel/Footwear,34,-12.2,-10.41
all,3m,Forest Products,5,-12.21,-7.64
all,3m,Auto Parts: OEM,33,-12.91,-14.7
all,3m,Homebuilding,24,-13.21,-10.32
all,3m,Electronic Production Equipment,29,-14.11,-18.65
all,3m,Semiconductors,88,-14.53,-12.1
all,3m,Aluminum,5,-15.29,-17.22
all,3m,Consumer Sundries,4,-15.34,-16.9
all,3m,Alternative Power Generation,12,-15.44,-19.5
all,3m,Casinos/Gaming,14,-15.76,-16.19
all,3m,Home Improvement Chains,5,-16.02,-16.53
all,3m,Building Products,24,-16.95,-5.12
all,3m,Industrial Machinery,98,-17.24,-15.79
all,3m,Advertising/Marketing Services,34,-17.74,-16.86
all,3m,Electronic Components,24,-17.8,-18.67
all,3m,Electrical Products,73,-18.06,-17.61
all,3m,Airlines,19,-20.1,-19.92
all,3m,Trucking,21,-20.27,-21.97
all,3m,Construction Materials,16,-23.31,-18.45
all,3m,Food: Meat/Fish/Dairy,8,-23.37,-24.4
all,3m,Engineering & Construction,65,-27.05,-24.93
all,6m,Computer Peripherals,21,46.35,78.0
all,6m,Oil Refining/Marketing,12,43.06,36.38
all,6m,Managed Health Care,8,40.35,51.41
all,6m,Office Equipment/Supplies,4,33.23,29.96
all,6m,Textiles,5,25.8,33.58
all,6m,Tools & Hardware,5,23.98,20.01
all,6m,Medical/Nursing Services,56,22.34,33.18
all,6m,Steel,15,22.05,21.53
all,6m,Semiconductors,88,21.02,40.26
all,6m,Department Stores,4,20.19,17.31
all,6m,Services to the Health Industry,3,19.53,26.38
all,6m,Electronic Production Equipment,29,18.57,16.0
all,6m,Computer Processing Hardware,18,18.13,37.03
all,6m,Marine Shipping,68,17.05,13.42
all,6m,Electronics Distributors,10,16.93,5.03
all,6m,Savings Banks,39,16.44,18.98
all,6m,Personnel Services,23,14.3,25.1
all,6m,Electronics/Appliances,20,13.99,18.45
all,6m,Railroads,6,13.13,14.12
all,6m,Electronic Components,24,12.99,13.41
all,6m,Regional Banks,256,12.42,12.04
all,6m,Publishing: Books/Magazines,5,12.41,11.42
all,6m,Forest Products,5,12.21,11.37
all,6m,Property/Casualty Insurance,48,10.78,12.46
all,6m,Metal Fabrication,17,9.61,25.77
all,6m,Hospital/Nursing Management,12,9.35,9.98
all,6m,Electronic Equipment/Instruments,42,8.78,43.33
all,6m,Data Processing Services,54,7.67,36.4
all,6m,Trucks/Construction/Farm Machinery,31,7.52,13.09
all,6m,Movies/Entertainment,43,6.94,9.97
all,6m,Precious Metals,70,6.77,8.91
all,6m,Insurance Brokers/Services,18,6.4,1.59
all,6m,Hotels/Resorts/Cruise lines,19,6.27,9.13
all,6m,Tobacco,3,5.97,-1.92
all,6m,Packaged Software,355,5.76,11.76
all,6m,Miscellaneous,4,5.38,0.15
all,6m,Containers/Packaging,20,4.92,3.11
all,6m,Financial Publishing/Services,8,4.57,6.38
all,6m,Industrial Machinery,98,4.33,-2.15
all,6m,Homebuilding,24,3.29,6.14
all,6m,Automotive Aftermarket,5,3.04,-3.25
all,6m,Apparel/Footwear,34,3.02,17.5
all,6m,Discount Stores,3,2.45,2.91
all,6m,Information Technology Services,88,2.22,31.81
all,6m,Water Utilities,11,2.11,2.29
all,6m,Chemicals: Major Diversified,12,2.04,4.03
all,6m,Medical Specialties,207,1.87,11.65
all,6m,Financial Conglomerates,363,1.72,2.26
all,6m,Specialty Insurance,12,1.68,5.19
all,6m,Airlines,19,1.63,-5.45
all,6m,Industrial Specialties,18,1.13,9.41
all,6m,Investment Banks/Brokers,55,1.12,9.6
all,6m,Major Banks,134,0.71,4.98
all,6m,Investment Managers,85,0.53,6.03
all,6m,Trucking,21,0.47,-2.43
all,6m,Broadcasting,15,0.0,35.85
all,6m,Household/Personal Care,23,0.0,-7.27
all,6m,Real Estate Investment Trusts,340,-0.15,-1.1
all,6m,Multi-Line Insurance,52,-0.32,-0.64
all,6m,Medical Distributors,8,-0.43,4.36
all,6m,Finance/Rental/Leasing,127,-0.66,2.17
all,6m,Life/Health Insurance,27,-0.75,9.68
all,6m,Food: Specialty/Candy,39,-0.8,0.79
all,6m,Oil & Gas Pipelines,32,-0.9,2.29
all,6m,Internet Software/Services,84,-1.23,-2.33
all,6m,Auto Parts: OEM,33,-1.79,-3.51
all,6m,Environmental Services,16,-1.83,-11.7
all,6m,Beverages: Non-Alcoholic,14,-2.15,-19.26
all,6m,Real Estate Development,52,-2.31,-9.76
all,6m,Miscellaneous Manufacturing,12,-2.49,0.36
all,6m,Publishing: Newspapers,7,-2.57,-3.29
all,6m,Pulp & Paper,5,-2.62,-9.03
all,6m,Investment Trusts/Mutual Funds,103,-2.88,-4.63
all,6m,Wholesale Distributors,72,-2.97,-2.15
all,6m,Miscellaneous Commercial Services,153,-3.05,6.42
all,6m,Alternative Power Generation,12,-3.07,-8.98
all,6m,Biotechnology,283,-3.16,12.24
all,6m,Pharmaceuticals: Major,310,-3.25,3.62
all,6m,Building Products,24,-3.32,-0.71
all,6m,Integrated Oil,42,-3.9,-12.05
all,6m,Internet Retail,28,-4.61,-5.4
all,6m,Aerospace & Defense,78,-4.76,-3.96
all,6m,Restaurants,49,-4.84,3.38
all,6m,Motor Vehicles,31,-4.9,-15.19
all,6m,Aluminum,5,-4.99,-2.97
all,6m,Cable/Satellite TV,8,-5.24,-6.77
all,6m,Food Distributors,11,-5.36,-13.51
all,6m,Other Transportation,13,-5.46,0.99
all,6m,Telecommunications Equipment,32,-5.67,-1.72
all,6m,Home Furnishings,18,-5.78,4.56
all,6m,Specialty Stores,67,-6.07,-3.13
all,6m,Other Consumer Services,35,-6.28,-3.49
all,6m,Recreational Products,24,-6.77,-4.1
all,6m,Contract Drilling,11,-7.78,-8.23
all,6m,Electrical Products,73,-7.8,-6.87
all,6m,Electronics/Appliance Stores,4,-8.42,-1.62
all,6m,Computer Communications,11,-8.93,4.1
all,6m,Construction Materials,16,-8.98,-5.91
all,6m,Gas Distributors,21,-9.34,-12.94
all,6m,Oilfield Services/Equipment,33,-9.69,-2.36
all,6m,Commercial Printing/Forms,11,-9.97,-16.41
all,6m,Specialty Telecommunications,8,-10.14,-4.64
all,6m,Electric Utilities,73,-10.46,-12.52
all,6m,Wireless Telecommunications,16,-10.65,-3.0
all,6m,Chemicals: Agricultural,17,-11.0,-20.44
all,6m,Home Improvement Chains,5,-11.21,-6.39
all,6m,Casinos/Gaming,14,-11.24,-1.67
all,6m,Major Telecommunications,15,-11.37,8.25
all,6m,Oil & Gas Production,39,-11.46,-10.22
all,6m,Food Retail,15,-11.59,-4.31
all,6m,Other Metals/Minerals,68,-11.6,-7.65
all,6m,Apparel/Footwear Retail,30,-12.08,-1.78
all,6m,Air Freight/Couriers,28,-12.92,-6.53
all,6m,Beverages: Alcoholic,10,-14.8,-16.07
all,6m,Chemicals: Specialty,56,-15.2,-12.26
all,6m,Food: Meat/Fish/Dairy,8,-15.94,-17.13
all,6m,Agricultural Commodities/Milling,31,-16.03,-15.85
all,6m,Consumer Sundries,4,-16.77,-18.86
all,6m,Food: Major Diversified,8,-17.49,-20.02
all,6m,Engineering & Construction,65,-19.11,-16.13
all,6m,Pharmaceuticals: Other,25,-20.05,-11.49
all,6m,Coal,10,-20.96,-24.07
all,6m,Advertising/Marketing Services,34,-27.58,-23.46
all,6m,Industrial Conglomerates,3,-30.65,-19.4
liquid,1m,Financial Conglomerates,4,25.92,23.65
liquid,1m,Computer Peripherals,6,12.78,11.1
liquid,1m,Electronic Components,5,12.37,10.07
liquid,1m,Oil Refining/Marketing,7,12.02,11.5
liquid,1m,Data Processing Services,16,8.99,6.48
liquid,1m,Information Technology Services,15,8.5,4.32
liquid,1m,Semiconductors,29,6.71,9.13
liquid,1m,Computer Processing Hardware,11,6.44,-5.8
liquid,1m,Medical Specialties,17,4.22,5.81
liquid,1m,Investment Banks/Brokers,6,2.76,-0.53
liquid,1m,Packaged Software,74,1.46,3.7
liquid,1m,Electronic Production Equipment,8,1.32,4.16
liquid,1m,Apparel/Footwear Retail,4,-0.09,-0.63
liquid,1m,Integrated Oil,3,-3.03,-5.64
liquid,1m,Medical/Nursing Services,8,-3.47,-3.27
liquid,1m,Miscellaneous Commercial Services,10,-3.63,-1.36
liquid,1m,Industrial Machinery,9,-4.48,-5.3
liquid,1m,Chemicals: Agricultural,3,-6.33,-6.81
liquid,1m,Aerospace & Defense,16,-6.96,-8.28
liquid,1m,Telecommunications Equipment,3,-7.22,-5.3
liquid,1m,Oilfield Services/Equipment,5,-7.65,-0.53
liquid,1m,Electrical Products,16,-8.12,-7.44
liquid,1m,Precious Metals,8,-8.88,-6.11
liquid,1m,Electronic Equipment/Instruments,5,-8.92,-10.84
liquid,1m,Pharmaceuticals: Major,36,-9.05,-11.2
liquid,1m,Specialty Stores,11,-9.54,-6.26
liquid,1m,Restaurants,7,-15.75,-13.33
liquid,1m,Coal,3,-15.79,-13.41
liquid,1m,Other Metals/Minerals,11,-16.15,-23.31
liquid,1m,Air Freight/Couriers,3,-16.45,-17.99
liquid,1m,Finance/Rental/Leasing,7,-17.04,-5.13
liquid,1m,Engineering & Construction,10,-17.45,-18.9
liquid,1m,Apparel/Footwear,3,-17.88,-19.58
liquid,1m,Investment Managers,6,-18.08,-17.49
liquid,1m,Internet Software/Services,13,-19.07,-11.76
liquid,1m,Real Estate Development,3,-20.8,-22.29
liquid,1m,Other Consumer Services,3,-22.33,-20.95
liquid,1m,Financial Publishing/Services,3,-22.43,-19.23
liquid,1w,Computer Peripherals,6,12.03,12.01
liquid,1w,Financial Conglomerates,4,11.62,9.96
liquid,1w,Electronic Components,5,7.98,11.06
liquid,1w,Computer Processing Hardware,11,7.6,6.15
liquid,1w,Semiconductors,29,5.42,7.2
liquid,1w,Data Processing Services,16,5.1,5.14
liquid,1w,Information Technology Services,15,4.14,2.87
liquid,1w,Industrial Machinery,9,3.97,4.26
liquid,1w,Investment Banks/Brokers,6,2.56,2.53
liquid,1w,Telecommunications Equipment,3,1.74,1.65
liquid,1w,Aerospace & Defense,16,1.71,2.41
liquid,1w,Apparel/Footwear Retail,4,0.96,-0.34
liquid,1w,Electronic Equipment/Instruments,5,0.43,0.31
liquid,1w,Packaged Software,74,0.3,1.83
liquid,1w,Electronic Production Equipment,8,-0.12,2.32
liquid,1w,Medical Specialties,17,-0.59,6.36
liquid,1w,Integrated Oil,3,-1.06,-3.93
liquid,1w,Restaurants,7,-1.17,3.14
liquid,1w,Miscellaneous Commercial Services,10,-2.03,37.76
liquid,1w,Precious Metals,8,-2.36,-0.39
liquid,1w,Electrical Products,16,-2.73,-3.89
liquid,1w,Internet Software/Services,13,-4.01,-3.58
liquid,1w,Pharmaceuticals: Major,36,-4.76,-2.77
liquid,1w,Specialty Stores,11,-4.81,-5.0
liquid,1w,Medical/Nursing Services,8,-5.43,-5.0
liquid,1w,Oil Refining/Marketing,7,-5.69,-6.12
liquid,1w,Engineering & Construction,10,-6.15,-8.81
liquid,1w,Other Metals/Minerals,11,-6.37,-10.44
liquid,1w,Coal,3,-6.65,-7.66
liquid,1w,Air Freight/Couriers,3,-7.5,-3.85
liquid,1w,Oilfield Services/Equipment,5,-7.57,-7.77
liquid,1w,Investment Managers,6,-7.69,11.93
liquid,1w,Chemicals: Agricultural,3,-9.09,-8.71
liquid,1w,Other Consumer Services,3,-9.7,-11.51
liquid,1w,Real Estate Development,3,-9.9,-9.56
liquid,1w,Financial Publishing/Services,3,-9.92,-8.06
liquid,1w,Finance/Rental/Leasing,7,-10.25,-11.58
liquid,1w,Apparel/Footwear,3,-11.94,-10.42
liquid,3m,Financial Conglomerates,4,96.42,91.17
liquid,3m,Oil Refining/Marketing,7,56.4,59.1
liquid,3m,Packaged Software,74,27.02,29.61
liquid,3m,Information Technology Services,15,25.6,20.86
liquid,3m,Medical/Nursing Services,8,16.1,8.57
liquid,3m,Precious Metals,8,13.82,13.81
liquid,3m,Medical Specialties,17,12.62,25.41
liquid,3m,Investment Managers,6,9.52,2.62
liquid,3m,Chemicals: Agricultural,3,8.97,2.39
liquid,3m,Coal,3,5.88,6.31
liquid,3m,Miscellaneous Commercial Services,10,2.24,4.85
liquid,3m,Investment Banks/Brokers,6,1.39,9.42
liquid,3m,Telecommunications Equipment,3,1.13,0.89
liquid,3m,Internet Software/Services,13,-0.93,9.71
liquid,3m,Pharmaceuticals: Major,36,-1.79,1.56
liquid,3m,Financial Publishing/Services,3,-2.11,0.91
liquid,3m,Computer Peripherals,6,-2.21,30.48
liquid,3m,Specialty Stores,11,-3.67,-6.73
liquid,3m,Restaurants,7,-6.56,-9.46
liquid,3m,Aerospace & Defense,16,-7.31,-6.41
liquid,3m,Computer Processing Hardware,11,-7.98,-1.67
liquid,3m,Data Processing Services,16,-9.02,-11.42
liquid,3m,Air Freight/Couriers,3,-9.2,-16.46
liquid,3m,Integrated Oil,3,-10.37,-8.61
liquid,3m,Semiconductors,29,-11.54,-9.75
liquid,3m,Other Metals/Minerals,11,-11.58,-12.77
liquid,3m,Electronic Production Equipment,8,-15.67,-15.06
liquid,3m,Electronic Equipment/Instruments,5,-18.74,-18.74
liquid,3m,Finance/Rental/Leasing,7,-19.01,-20.64
liquid,3m,Other Consumer Services,3,-21.9,-16.86
liquid,3m,Electronic Components,5,-23.21,-20.03
liquid,3m,Apparel/Footwear Retail,4,-23.26,-6.12
liquid,3m,Apparel/Footwear,3,-23.56,-13.09
liquid,3m,Industrial Machinery,9,-24.56,-24.91
liquid,3m,Electrical Products,16,-28.93,-27.85
liquid,3m,Oilfield Services/Equipment,5,-32.59,-27.33
liquid,3m,Engineering & Construction,10,-37.16,-35.26
liquid,3m,Real Estate Development,3,-40.05,-34.06
liquid,6m,Computer Peripherals,6,165.86,210.29
liquid,6m,Financial Conglomerates,4,122.52,116.35
liquid,6m,Electronic Production Equipment,8,73.5,65.85
liquid,6m,Medical/Nursing Services,8,61.51,51.92
liquid,6m,Oil Refining/Marketing,7,48.31,50.43
liquid,6m,Packaged Software,74,47.97,58.26
liquid,6m,Semiconductors,29,45.32,81.12
liquid,6m,Medical Specialties,17,45.1,58.24
liquid,6m,Electronic Equipment/Instruments,5,38.02,34.41
liquid,6m,Data Processing Services,16,36.69,46.32
liquid,6m,Computer Processing Hardware,11,36.51,42.06
liquid,6m,Information Technology Services,15,33.88,44.16
liquid,6m,Electronic Components,5,33.14,31.13
liquid,6m,Miscellaneous Commercial Services,10,26.17,17.89
liquid,6m,Industrial Machinery,9,20.01,13.02
liquid,6m,Internet Software/Services,13,16.52,14.02
liquid,6m,Investment Banks/Brokers,6,14.39,20.08
liquid,6m,Pharmaceuticals: Major,36,9.43,29.0
liquid,6m,Precious Metals,8,6.28,14.44
liquid,6m,Investment Managers,6,-0.38,1.42
liquid,6m,Specialty Stores,11,-4.6,0.39
liquid,6m,Aerospace & Defense,16,-5.94,-4.07
liquid,6m,Restaurants,7,-6.4,13.93
liquid,6m,Telecommunications Equipment,3,-9.22,8.88
liquid,6m,Chemicals: Agricultural,3,-11.0,-18.1
liquid,6m,Apparel/Footwear Retail,4,-12.08,2.06
liquid,6m,Finance/Rental/Leasing,7,-13.43,-10.72
liquid,6m,Financial Publishing/Services,3,-13.72,2.75
liquid,6m,Engineering & Construction,10,-15.16,-13.15
liquid,6m,Air Freight/Couriers,3,-15.49,-3.42
liquid,6m,Other Consumer Services,3,-18.23,-17.27
liquid,6m,Coal,3,-20.25,-20.03
liquid,6m,Other Metals/Minerals,11,-21.49,-14.41
liquid,6m,Electrical Products,16,-21.93,-15.93
liquid,6m,Oilfield Services/Equipment,5,-22.28,-17.75
liquid,6m,Integrated Oil,3,-22.73,-34.99
liquid,6m,Apparel/Footwear,3,-22.95,-22.47
liquid,6m,Real Estate Development,3,-24.17,-16.23
